0.998401
0.996884
0.995604
0.994979
0.995194
0.996134
0.997380
0.998402
0.998896
0.998943
0.998814
0.998776
0.999098
0.999934
1.001100
1.001974
1.001855
1.000447
0.997951
0.994863
0.991784
0.989391
0.988305
0.988781
0.990412
0.992304
0.993679
0.994476
0.995233
0.996489
0.998320
1.000388
1.002160
1.003065
1.002697
1.001176
0.999260
0.997973
0.998051
0.999569
1.001980
1.004444
1.006141
1.006506
1.005355
1.002986
1.000024
0.997092
0.994642
0.993037
0.992631
0.993530
0.995366
0.997440
0.999110
1.000055
1.000308
1.000115
0.999887
1.000050
1.000832
1.002033
1.003161
1.003772
1.003762
1.003405
1.003157
1.003344
1.003922
1.004458
1.004395
1.003419
1.001715
0.999913
0.998735
0.998517
0.999022
0.999651
0.999858
0.999477
0.998738
0.998016
0.997511
0.997066
0.996320
0.995109
0.993728
0.992868
0.993168
0.994709
0.996884
0.998747
0.999716
0.999995
1.000347
1.001323
1.002681
1.003629
1.003696
1.003209
1.002880
1.003142
1.003900
1.004833
1.005666
1.006189
1.006169
1.005309
1.003519
1.001277
0.999614
0.999389
1.000491
1.002023
1.003238
1.004146
1.005098
1.006089
1.006606
1.006207
1.005015
1.003629
1.002606
1.002192
1.002524
1.003781
1.005865
1.008073
1.009399
1.009245
1.007722
1.005369
1.002821
1.000799
1.000024
1.000760
1.002383
1.003642
1.003583
1.002295
1.000668
0.999544
0.999124
0.999069
0.999027
0.998898
0.998763
0.998681
0.998628
0.998630
0.998813
0.999327
1.000261
1.001543
1.002818
1.003549
1.003438
0.999357
0.998242
0.997118
0.996246
0.995819
0.995900
0.996440
0.997368
0.998644
1.000115
1.001367
1.001958
1.001884
1.001670
1.001810
1.002225
1.002296
1.001437
0.999455
0.996567
0.993338
0.990556
0.989017
0.989141
0.990712
0.993018
0.995283
0.997094
0.998498
0.999724
1.000905
1.001987
1.002696
1.002621
1.001506
0.999591
0.997634
0.996466
0.996549
0.997856
0.999990
1.002348
1.004279
1.005197
1.004779
1.003082
1.000498
0.997529
0.994723
0.992708
0.992100
0.993108
0.995316
0.997875
1.000009
1.001314
1.001710
1.001379
1.000748
1.000407
1.000768
1.001763
1.002902
1.003678
1.003907
1.003778
1.003679
1.003926
1.004472
1.004850
1.004442
1.002897
1.000405
0.997654
0.995507
0.994579
0.994906
0.995990
0.997142
0.997879
0.998126
0.998079
0.997915
0.997547
0.996718
0.995365
0.993899
0.993084
0.993537
0.995265
0.997620
0.999730
1.001027
1.001615
1.002082
1.002935
1.004028
1.004697
1.004486
1.003599
1.002692
1.002330
1.002771
1.003970
1.005619
1.007162
1.007948
1.007451
1.005578
1.002953
1.000735
0.999767
0.999911
1.000366
1.000650
1.000996
1.001785
1.002905
1.003831
1.004203
1.004178
1.004202
1.004571
1.005297
1.006352
1.007777
1.009374
1.010477
1.010337
1.008759
1.006204
1.003333
1.000717
0.998917
0.998494
0.999606
1.001541
1.003022
1.003088
1.001853
1.000296
0.999405
0.999464
1.000086
1.000686
1.000902
1.000738
1.000449
1.000327
1.000563
1.001155
1.001966
1.002855
1.003687
1.004244
1.004218
1.003512
1.001225
1.000617
0.999874
0.999108
0.998421
0.997904
0.997754
0.998338
0.999934
1.002297
1.004455
1.005297
1.004543
1.003014
1.001849
1.001482
1.001441
1.000923
0.999425
0.996988
0.994099
0.991552
0.990129
0.990255
0.991836
0.994379
0.997208
0.999741
1.001621
1.002765
1.003291
1.003335
1.002888
1.001813
1.000132
0.998252
0.996766
0.996053
0.996146
0.996907
0.998188
0.999817
1.001466
1.002695
1.003108
1.002507
1.000916
0.998537
0.995827
0.993584
0.992676
0.993500
0.995672
0.998295
1.000530
1.001930
1.002386
1.002031
1.001256
1.000651
1.000685
1.001359
1.002257
1.002948
1.003297
1.003482
1.003800
1.004407
1.005116
1.005389
1.004649
1.002623
0.999553
0.996137
0.993297
0.991841
0.992042
0.993480
0.995299
0.996752
0.997566
0.997891
0.997951
0.997745
0.997047
0.995801
0.994406
0.993601
0.993985
0.995592
0.997888
1.000114
1.001694
1.002511
1.002938
1.003427
1.004002
1.004201
1.003588
1.002244
1.000708
0.999675
0.999732
1.001122
1.003526
1.006087
1.007802
1.007939
1.006437
1.004009
1.001803
1.000548
0.999994
0.999399
0.998526
0.997901
0.998137
0.999250
1.000753
1.002215
1.003552
1.004882
1.006253
1.007594
1.008891
1.010170
1.011200
1.011346
1.010038
1.007343
1.003984
1.000801
0.998381
0.997105
0.997211
0.998528
1.000285
1.001402
1.001243
1.000110
0.998977
0.998704
0.999458
1.000739
1.001796
1.002054
1.001488
1.000635
1.000245
1.000752
1.002004
1.003439
1.004534
1.005075
1.005038
1.004426
1.003383
1.003763
1.003437
1.003035
1.002624
1.002170
1.001586
1.001021
1.001065
1.002335
1.004715
1.007013
1.007701
1.006223
1.003500
1.001062
0.999748
0.999268
0.998797
0.997738
0.996030
0.994064
0.992455
0.991770
0.992274
0.993908
0.996382
0.999254
1.001958
1.003960
1.004960
1.004994
1.004256
1.002915
1.001129
0.999244
0.997774
0.997049
0.996910
0.996957
0.996994
0.997174
0.997741
0.998734
0.999936
1.000990
1.001542
1.001270
0.999990
0.997896
0.995743
0.994528
0.994854
0.996504
0.998712
1.000699
1.002037
1.002591
1.002403
1.001707
1.000953
1.000574
1.000679
1.001066
1.001514
1.002004
1.002671
1.003601
1.004663
1.005456
1.005461
1.004296
1.001949
0.998770
0.995368
0.992558
0.991133
0.991420
0.993003
0.994945
0.996450
0.997299
0.997768
0.998116
0.998249
0.997816
0.996665
0.995177
0.994099
0.994071
0.995237
0.997250
0.999467
1.001258
1.002293
1.002734
1.002982
1.003191
1.003037
1.002079
1.000247
0.997997
0.996157
0.995594
0.996808
0.999536
1.002766
1.005277
1.006246
1.005618
1.004086
1.002655
1.001820
1.001174
0.999957
0.998061
0.996294
0.995626
0.996408
0.998291
1.000666
1.003083
1.005264
1.007068
1.008436
1.009449
1.010231
1.010643
1.010166
1.008315
1.005187
1.001544
0.998364
0.996340
0.995741
0.996399
0.997742
0.998950
0.999340
0.998801
0.997905
0.997500
0.998084
0.999525
1.001220
1.002372
1.002362
1.001198
0.999677
0.998943
0.999678
1.001582
1.003673
1.005053
1.005427
1.004993
1.004070
1.002989
1.005908
1.005548
1.005322
1.005385
1.005579
1.005491
1.004951
1.004468
1.004913
1.006534
1.008314
1.008640
1.006702
1.003268
0.999918
0.997708
0.996600
0.995957
0.995294
0.994538
0.993902
0.993686
0.994095
0.995171
0.996837
0.998975
1.001385
1.003675
1.005326
1.005979
1.005599
1.004404
1.002678
1.000789
0.999247
0.998505
0.998542
0.998790
0.998614
0.997895
0.997033
0.996560
0.996776
0.997664
0.999022
1.000485
1.001534
1.001637
1.000606
0.998920
0.997525
0.997178
0.997981
0.999441
1.000958
1.002156
1.002858
1.002951
1.002421
1.001483
1.000484
0.999736
0.999387
0.999521
1.000227
1.001499
1.003090
1.004497
1.005114
1.004539
1.002806
1.000295
0.997488
0.994852
0.992896
0.992154
0.992793
0.994325
0.995893
0.996897
0.997432
0.997972
0.998721
0.999315
0.999111
0.997853
0.995976
0.994331
0.993670
0.994278
0.995947
0.998097
1.000018
1.001222
1.001744
1.001986
1.002180
1.002029
1.000987
0.998819
0.995922
0.993228
0.991811
0.992366
0.994779
0.998098
1.001090
1.002918
1.003485
1.003343
1.003223
1.003356
1.003175
1.001893
0.999431
0.996738
0.995104
0.995256
0.997039
0.999733
1.002550
1.004938
1.006627
1.007598
1.008024
1.008163
1.008074
1.007436
1.005764
1.002964
0.999614
0.996710
0.995108
0.995047
0.996042
0.997193
0.997709
0.997358
0.996557
0.996079
0.996512
0.997897
0.999788
1.001535
1.002450
1.002021
1.000319
0.998277
0.997260
0.998106
1.000453
1.003027
1.004651
1.004975
1.004380
1.003417
1.002540
1.006542
1.006020
1.005892
1.006433
1.007434
1.008188
1.008067
1.007269
1.006747
1.007199
1.008127
1.008103
1.006146
1.002657
0.998978
0.996201
0.994555
0.993735
0.993477
0.993719
0.994447
0.995580
0.996990
0.998536
1.000127
1.001769
1.003435
1.004900
1.005772
1.005742
1.004836
1.003382
1.001807
1.000535
0.999962
1.000224
1.000925
1.001288
1.000732
0.999306
0.997584
0.996231
0.995676
0.996105
0.997483
0.999546
1.001720
1.003227
1.003480
1.002537
1.001142
1.000173
1.000073
1.000705
1.001672
1.002648
1.003424
1.003760
1.003382
1.002210
1.000508
0.998787
0.997594
0.997351
0.998236
1.000054
1.002183
1.003726
1.003926
1.002603
1.000266
0.997732
0.995625
0.994214
0.993614
0.993926
0.995036
0.996406
0.997379
0.997748
0.997962
0.998632
0.999816
1.000805
1.000692
0.999166
0.996778
0.994535
0.993315
0.993476
0.994873
0.996905
0.998783
0.999945
1.000434
1.000754
1.001211
1.001456
1.000728
0.998577
0.995317
0.991931
0.989601
0.989183
0.990773
0.993654
0.996777
0.999329
1.001093
1.002358
1.003544
1.004661
1.005126
1.004183
1.001732
0.998684
0.996421
0.995904
0.997156
0.999456
1.001897
1.003834
1.004990
1.005371
1.005186
1.004788
1.004450
1.004051
1.003089
1.001153
0.998507
0.996060
0.994783
0.994964
0.995987
0.996804
0.996748
0.995938
0.995123
0.995089
0.996133
0.997933
0.999875
1.001370
1.001939
1.001219
0.999303
0.997072
0.995900
0.996713
0.999211
1.002037
1.003869
1.004301
1.003787
1.003006
1.002467
1.005378
1.004875
1.004946
1.005914
1.007614
1.009204
1.009671
1.008783
1.007400
1.006642
1.006654
1.006424
1.004866
1.001938
0.998575
0.995771
0.993960
0.993152
0.993311
0.994369
0.996089
0.998092
1.000037
1.001720
1.003077
1.004168
1.005037
1.005552
1.005416
1.004448
1.002860
1.001226
1.000163
1.000037
1.000883
1.002341
1.003685
1.004102
1.003190
1.001184
0.998749
0.996608
0.995324
0.995255
0.996523
0.998945
1.001950
1.004628
1.006075
1.005936
1.004693
1.003291
1.002472
1.002400
1.002818
1.003444
1.004101
1.004521
1.004254
1.002938
1.000691
0.998163
0.996208
0.995530
0.996397
0.998484
1.000866
1.002361
1.002137
1.000230
0.997534
0.995176
0.993868
0.993693
0.994389
0.995622
0.997015
0.998106
0.998569
0.998568
0.998743
0.999660
1.001165
1.002325
1.002147
1.000362
0.997636
0.995077
0.993588
0.993541
0.994744
0.996554
0.998148
0.998979
0.999214
0.999523
1.000320
1.001176
1.001081
0.999315
0.996066
0.992317
0.989291
0.987942
0.988585
0.990838
0.993872
0.996901
0.999516
1.001700
1.003608
1.005207
1.006072
1.005618
1.003710
1.001028
0.998757
0.997837
0.998392
0.999808
1.001281
1.002280
1.002640
1.002389
1.001716
1.000990
1.000612
1.000618
1.000495
0.999610
0.997886
0.996053
0.995075
0.995312
0.996197
0.996748
0.996428
0.995509
0.994781
0.994906
0.996005
0.997659
0.999297
1.000485
1.000914
1.000308
0.998654
0.996615
0.995428
0.996096
0.998494
1.001380
1.003405
1.004092
1.003848
1.003359
1.003113
1.003149
1.003038
1.003531
1.004877
1.007008
1.009140
1.010067
1.009154
1.007075
1.005229
1.004414
1.004120
1.003254
1.001347
0.998872
0.996623
0.995109
0.994541
0.995017
0.996469
0.998547
1.000753
1.002695
1.004169
1.005144
1.005676
1.005832
1.005506
1.004446
1.002591
1.000381
0.998676
0.998280
0.999425
1.001728
1.004360
1.006353
1.006945
1.005890
1.003514
1.000500
0.997646
0.995692
0.995183
0.996308
0.998880
1.002342
1.005757
1.008052
1.008579
1.007573
1.005978
1.004708
1.004104
1.004001
1.004175
1.004548
1.004930
1.004774
1.003489
1.001024
0.998045
0.995576
0.994479
0.995104
0.997084
0.999369
1.000687
1.000227
0.998166
0.995551
0.993607
0.993028
0.993761
0.995260
0.996882
0.998152
0.998825
0.998977
0.999018
0.999526
1.000768
1.002363
1.003372
1.002955
1.001009
0.998256
0.995770
0.994358
0.994303
0.995352
0.996857
0.998037
0.998448
0.998375
0.998622
0.999688
1.001098
1.001657
1.000436
0.997481
0.993738
0.990436
0.988573
0.988621
0.990413
0.993297
0.996470
0.999328
1.001614
1.003377
1.004725
1.005572
1.005600
1.004616
1.002924
1.001281
1.000379
1.000351
1.000746
1.000988
1.000802
1.000208
0.999308
0.998252
0.997343
0.996966
0.997249
0.997771
0.997842
0.997164
0.996179
0.995673
0.996039
0.996874
0.997389
0.997115
0.996249
0.995408
0.995161
0.995680
0.996749
0.998005
0.999143
0.999897
0.999914
0.998974
0.997429
0.996344
0.996804
0.998933
1.001714
1.003857
1.004810
1.004863
1.004603
1.004434
1.000995
1.001556
1.002625
1.004290
1.006569
1.008871
1.009968
1.008977
1.006323
1.003569
1.002050
1.001774
1.001732
1.001099
0.999902
0.998656
0.997787
0.997521
0.998022
0.999293
1.001063
1.002917
1.004500
1.005600
1.006137
1.006149
1.005720
1.004788
1.003146
1.000798
0.998339
0.996817
0.997095
0.999268
1.002634
1.006085
1.008562
1.009378
1.008368
1.005844
1.002472
0.999122
0.996696
0.995851
0.996776
0.999244
1.002723
1.006360
1.009081
1.010085
1.009403
1.007857
1.006373
1.005378
1.004800
1.004537
1.004635
1.004982
1.004972
1.003864
1.001471
0.998423
0.995768
0.994401
0.994676
0.996249
0.998124
0.999120
0.998553
0.996670
0.994470
0.993073
0.993081
0.994332
0.996116
0.997634
0.998434
0.998605
0.998623
0.999035
1.000117
1.001687
1.003109
1.003606
1.002704
1.000583
0.998001
0.995868
0.994780
0.994852
0.995791
0.997026
0.997942
0.998207
0.998124
0.998472
0.999717
1.001432
1.002412
1.001645
0.999089
0.995644
0.992546
0.990787
0.990833
0.992527
0.995243
0.998140
1.000519
1.002055
1.002885
1.003414
1.003937
1.004389
1.004485
1.004105
1.003489
1.002984
1.002647
1.002177
1.001248
0.999850
0.998240
0.996658
0.995253
0.994189
0.993733
0.994030
0.994858
0.995694
0.996128
0.996238
0.996475
0.997174
0.998152
0.998849
0.998778
0.997887
0.996560
0.995409
0.994934
0.995320
0.996441
0.997997
0.999579
1.000617
1.000628
0.999714
0.998802
0.999047
1.000803
1.003284
1.005331
1.006373
1.006585
1.006391
1.006046
0.999686
1.000847
1.002384
1.004237
1.006477
1.008702
1.009809
1.008758
1.005748
1.002349
1.000268
0.999984
1.000662
1.001273
1.001450
1.001368
1.001223
1.001121
1.001245
1.001797
1.002800
1.004055
1.005252
1.006050
1.006228
1.005797
1.004916
1.003635
1.001826
0.999525
0.997345
0.996318
0.997215
0.999977
1.003765
1.007429
1.009977
1.010819
1.009835
1.007331
1.003933
1.000506
0.997954
0.996901
0.997501
0.999540
1.002606
1.006029
1.008864
1.010276
1.010092
1.008871
1.007398
1.006120
1.005156
1.004590
1.004569
1.004962
1.005097
1.004174
1.001982
0.999142
0.996637
0.995254
0.995273
0.996345
0.997594
0.998047
0.997230
0.995459
0.993635
0.992707
0.993148
0.994709
0.996563
0.997827
0.998136
0.997887
0.997913
0.998818
1.000550
1.002399
1.003464
1.003156
1.001470
0.998980
0.996541
0.994852
0.994202
0.994490
0.995405
0.996555
0.997537
0.998126
0.998513
0.999236
1.000677
1.002488
1.003640
1.003176
1.001018
0.998044
0.995510
0.994367
0.994920
0.996811
0.999265
1.001426
1.002661
1.002819
1.002290
1.001796
1.001916
1.002699
1.003744
1.004600
1.005090
1.005232
1.004951
1.003983
1.002168
0.999727
0.997163
0.994920
0.993178
0.991962
0.991335
0.991419
0.992251
0.993610
0.995075
0.996340
0.997420
0.998535
0.999742
1.000684
1.000805
0.999728
0.997652
0.995359
0.993834
0.993722
0.995072
0.997456
1.000158
1.002334
1.003284
1.002968
1.002246
1.002305
1.003620
1.005586
1.007223
1.008065
1.008264
1.008070
1.007478
0.999296
1.000625
1.002258
1.004088
1.006225
1.008417
1.009658
1.008847
1.005925
1.002301
0.999828
0.999353
1.000333
1.001749
1.002982
1.003867
1.004254
1.004050
1.003475
1.003041
1.003193
1.003978
1.005026
1.005756
1.005748
1.005000
1.003810
1.002389
1.000706
0.998824
0.997270
0.996909
0.998297
1.001220
1.004833
1.008116
1.010257
1.010812
1.009743
1.007381
1.004321
1.001284
0.998966
0.997819
0.997960
0.999298
1.001642
1.004575
1.007369
1.009235
1.009793
1.009230
1.008021
1.006631
1.005420
1.004720
1.004704
1.005119
1.005232
1.004333
1.002338
0.999879
0.997816
0.996742
0.996760
0.997445
0.998013
0.997714
0.996323
0.994295
0.992519
0.991841
0.992604
0.994435
0.996405
0.997563
0.997597
0.997122
0.997223
0.998585
1.000887
1.002987
1.003698
1.002528
0.999914
0.996876
0.994432
0.993112
0.992893
0.993447
0.994456
0.995706
0.997014
0.998224
0.999340
1.000638
1.002354
1.004250
1.005517
1.005308
1.003537
1.001087
0.999248
0.998921
1.000161
1.002284
1.004300
1.005360
1.005057
1.003583
1.001679
1.000310
1.000122
1.001106
1.002750
1.004468
1.005901
1.006840
1.007009
1.006032
1.003775
1.000629
0.997346
0.994573
0.992552
0.991184
0.990331
0.990068
0.990675
0.992241
0.994409
0.996532
0.998227
0.999596
1.000903
1.001998
1.002237
1.000953
0.998190
0.994924
0.992590
0.992233
0.994011
0.997294
1.001046
1.004162
1.005830
1.005992
1.005472
1.005400
1.006244
1.007507
1.008446
1.008860
1.008997
1.008937
1.008321
0.999364
1.000333
1.001648
1.003293
1.005425
1.007841
1.009598
1.009513
1.007271
1.003945
1.001271
1.000314
1.000914
1.002307
1.003877
1.005181
1.005742
1.005218
1.003878
1.002564
1.002128
1.002794
1.004025
1.004936
1.004931
1.004059
1.002749
1.001336
0.999855
0.998374
0.997353
0.997484
0.999104
1.001873
1.004993
1.007625
1.009170
1.009340
1.008206
1.006151
1.003712
1.001382
0.999528
0.998368
0.998008
0.998539
1.000027
1.002336
1.004992
1.007323
1.008776
1.009110
1.008443
1.007189
1.005939
1.005213
1.005138
1.005312
1.005055
1.003918
1.002054
1.000099
0.998720
0.998248
0.998560
0.999115
0.999140
0.998070
0.995937
0.993412
0.991467
0.990897
0.991910
0.993988
0.996094
0.997247
0.997162
0.996546
0.996642
0.998225
1.000890
1.003231
1.003802
1.002095
0.998806
0.995321
0.992822
0.991740
0.991825
0.992608
0.993770
0.995212
0.996864
0.998607
1.000355
1.002175
1.004212
1.006289
1.007736
1.007795
1.006385
1.004410
1.003195
1.003561
1.005312
1.007466
1.008858
1.008707
1.006879
1.003946
1.000973
0.999047
0.998719
0.999795
1.001671
1.003830
1.005962
1.007768
1.008711
1.008185
1.005986
1.002602
0.998965
0.995879
0.993641
0.992074
0.990918
0.990214
0.990382
0.991762
0.994090
0.996538
0.998425
0.999748
1.000913
1.001971
1.002255
1.000926
0.997881
0.994170
0.991473
0.991071
0.993186
0.997047
1.001400
1.005005
1.007063
1.007556
1.007244
1.007103
1.007472
1.007936
1.008048
1.007964
1.008129
1.008484
1.008279
0.999222
0.999518
1.000351
1.001863
1.004223
1.007189
1.009797
1.010819
1.009695
1.007081
1.004379
1.002687
1.002236
1.002721
1.003741
1.004791
1.005134
1.004226
1.002332
1.000528
0.999927
1.000797
1.002406
1.003628
1.003794
1.003025
1.001846
1.000576
0.999207
0.997783
0.996781
0.996876
0.998352
1.000807
1.003460
1.005605
1.006802
1.006887
1.005982
1.004468
1.002792
1.001235
0.999878
0.998761
0.997996
0.997812
0.998471
1.000071
1.002413
1.005010
1.007218
1.008449
1.008464
1.007577
1.006486
1.005760
1.005414
1.004976
1.003972
1.002380
1.000629
0.999278
0.998718
0.999012
0.999842
1.000540
1.000318
0.998757
0.996130
0.993322
0.991387
0.991017
0.992256
0.994434
0.996491
0.997482
0.997176
0.996283
0.996082
0.997453
1.000090
1.002570
1.003318
1.001708
0.998446
0.995008
0.992618
0.991648
0.991802
0.992632
0.993882
0.995465
0.997324
0.999340
1.001405
1.003547
1.005843
1.008103
1.009686
1.009905
1.008746
1.007144
1.006391
1.007168
1.009066
1.010948
1.011635
1.010473
1.007538
1.003641
1.000046
0.997883
0.997559
0.998685
1.000604
1.002936
1.005546
1.008126
1.009938
1.010143
1.008417
1.005271
1.001684
0.998514
0.996067
0.994191
0.992592
0.991306
0.990813
0.991621
0.993604
0.995916
0.997693
0.998776
0.999603
1.000390
1.000623
0.999460
0.996698
0.993270
0.990782
0.990520
0.992730
0.996622
1.000923
1.004443
1.006501
1.007131
1.006979
1.006771
1.006685
1.006374
1.005711
1.005230
1.005579
1.006585
1.007177
0.998371
0.998020
0.998528
1.000154
1.003004
1.006686
1.010191
1.012298
1.012314
1.010521
1.007912
1.005457
1.003685
1.002753
1.002612
1.002859
1.002702
1.001488
0.999420
0.997608
0.997185
0.998366
1.000299
1.001778
1.002191
1.001748
1.000975
1.000028
0.998693
0.996946
0.995376
0.994859
0.995819
0.997908
1.000327
1.002399
1.003762
1.004294
1.004056
1.003318
1.002398
1.001454
1.000475
0.999433
0.998436
0.997750
0.997704
0.998540
1.000304
1.002748
1.005254
1.007030
1.007582
1.007089
1.006229
1.005491
1.004743
1.003527
1.001698
0.999680
0.998112
0.997413
0.997660
0.998693
1.000081
1.001093
1.000967
0.999405
0.996861
0.994349
0.992878
0.992953
0.994389
0.996424
0.998086
0.998625
0.997880
0.996481
0.995618
0.996250
0.998326
1.000688
1.001839
1.001005
0.998634
0.995936
0.993952
0.993008
0.992929
0.993480
0.994576
0.996160
0.998101
1.000232
1.002438
1.004747
1.007172
1.009438
1.010910
1.011017
1.009917
1.008590
1.008191
1.009133
1.010846
1.012222
1.012276
1.010527
1.007121
1.002891
0.999113
0.996909
0.996614
0.997744
0.999632
1.001996
1.004851
1.007927
1.010405
1.011325
1.010296
1.007748
1.004563
1.001506
0.998877
0.996581
0.994394
0.992361
0.991010
0.990985
0.992378
0.994450
0.996184
0.997131
0.997578
0.997906
0.997912
0.997012
0.994977
0.992460
0.990726
0.990824
0.992948
0.996406
1.000073
1.002985
1.004637
1.005112
1.004920
1.004547
1.004024
1.003085
1.001880
1.001210
1.001847
1.003557
1.005073
0.996862
0.996112
0.996577
0.998539
1.001931
1.006181
1.010237
1.012998
1.013788
1.012651
1.010216
1.007277
1.004470
1.002245
1.000838
1.000063
0.999284
0.997909
0.996059
0.994639
0.994574
0.995953
0.997926
0.999432
1.000035
1.000045
0.999896
0.999491
0.998314
0.996210
0.993888
0.992516
0.992794
0.994488
0.996816
0.999100
1.001008
1.002377
1.003111
1.003250
1.002957
1.002391
1.001616
1.000658
0.999610
0.998664
0.998083
0.998159
0.999129
1.000962
1.003169
1.004899
1.005535
1.005167
1.004406
1.003655
1.002671
1.001008
0.998761
0.996654
0.995421
0.995311
0.996166
0.997708
0.999505
1.000860
1.001080
0.999974
0.998079
0.996383
0.995727
0.996355
0.997863
0.999476
1.000464
1.000370
0.999133
0.997206
0.995526
0.995060
0.996111
0.998016
0.999583
0.999939
0.999065
0.997627
0.996286
0.995308
0.994720
0.994625
0.995221
0.996583
0.998539
1.000825
1.003230
1.005698
1.008141
1.010197
1.011271
1.011019
1.009849
1.008793
1.008754
1.009788
1.011187
1.012030
1.011670
1.009803
1.006534
1.002517
0.998888
0.996704
0.996300
0.997237
0.998908
1.001092
1.003863
1.007007
1.009741
1.011146
1.010818
1.009054
1.006513
1.003750
1.001025
0.998306
0.995452
0.992569
0.990265
0.989380
0.990288
0.992381
0.994455
0.995633
0.995893
0.995708
0.995314
0.994553
0.993310
0.991943
0.991228
0.991845
0.993868
0.996713
0.999501
1.001516
1.002447
1.002431
1.001897
1.001193
1.000278
0.998963
0.997530
0.996898
0.997843
1.000111
1.002414
0.995373
0.994527
0.995098
0.997305
1.000919
1.005241
1.009282
1.012125
1.013213
1.012496
1.010355
1.007395
1.004198
1.001236
0.998857
0.997124
0.995740
0.994356
0.993026
0.992278
0.992636
0.994004
0.995670
0.996897
0.997514
0.997927
0.998471
0.998804
0.998122
0.996087
0.993421
0.991466
0.991141
0.992385
0.994513
0.996915
0.999316
1.001510
1.003189
1.004103
1.004271
1.003894
1.003212
1.002368
1.001428
1.000446
0.999550
0.998998
0.999115
1.000060
1.001470
1.002566
1.002728
1.002046
1.001153
1.000454
0.999663
0.998276
0.996352
0.994625
0.993806
0.994061
0.995175
0.996884
0.998837
1.000445
1.001113
1.000701
0.999711
0.998965
0.999076
1.000061
1.001375
1.002342
1.002548
1.001888
1.000384
0.998234
0.995984
0.994487
0.994377
0.995596
0.997404
0.998897
0.999573
0.999462
0.998804
0.997779
0.996579
0.995603
0.995374
0.996220
0.998067
1.000536
1.003227
1.005891
1.008297
1.010036
1.010639
1.010047
1.008921
1.008292
1.008748
1.010001
1.011242
1.011788
1.011317
1.009695
1.006942
1.003491
1.000231
0.998057
0.997303
0.997663
0.998691
1.000283
1.002553
1.005335
1.007935
1.009561
1.009819
1.008852
1.007029
1.004668
1.001948
0.998871
0.995365
0.991645
0.988477
0.986954
0.987707
0.990230
0.993079
0.994904
0.995317
0.994790
0.993951
0.993088
0.992295
0.991763
0.991881
0.992974
0.994975
0.997355
0.999412
1.000603
1.000745
1.000041
0.998947
0.997819
0.996626
0.995208
0.993853
0.993415
0.994595
0.997166
0.999961
0.994775
0.994040
0.994625
0.996677
0.999935
1.003727
1.007234
1.009745
1.010822
1.010373
1.008663
1.006127
1.003145
1.000010
0.997026
0.994501
0.992600
0.991337
0.990714
0.990823
0.991641
0.992868
0.994005
0.994710
0.995137
0.995779
0.996904
0.998016
0.998142
0.996757
0.994440
0.992474
0.991835
0.992603
0.994291
0.996461
0.998955
1.001550
1.003790
1.005211
1.005677
1.005425
1.004842
1.004189
1.003515
1.002729
1.001794
1.000864
1.000285
1.000304
1.000700
1.000817
1.000136
0.998828
0.997644
0.997095
0.996923
0.996456
0.995465
0.994409
0.993910
0.994195
0.995177
0.996721
0.998585
1.000306
1.001387
1.001687
1.001550
1.001556
1.002088
1.003039
1.003882
1.004098
1.003586
1.002548
1.001101
0.999173
0.996878
0.994823
0.993831
0.994348
0.996109
0.998283
1.000024
1.000875
1.000760
0.999761
0.998089
0.996255
0.995030
0.995080
0.996557
0.999040
1.001904
1.004648
1.006921
1.008353
1.008670
1.008064
1.007334
1.007416
1.008593
1.010320
1.011762
1.012400
1.012134
1.010937
1.008811
1.006040
1.003265
1.001140
0.999877
0.999296
0.999211
0.999751
1.001144
1.003287
1.005581
1.007294
1.008019
1.007708
1.006486
1.004477
1.001779
0.998379
0.994280
0.989853
0.986088
0.984296
0.985257
0.988469
0.992280
0.994984
0.995871
0.995339
0.994193
0.993030
0.992155
0.991798
0.992206
0.993525
0.995567
0.997796
0.999534
1.000275
0.999871
0.998591
0.996994
0.995525
0.994214
0.992908
0.991818
0.991625
0.992908
0.995509
0.998455
0.995413
0.994846
0.995226
0.996706
0.999134
1.002024
1.004775
1.006832
1.007797
1.007556
1.006327
1.004414
1.001960
0.998955
0.995590
0.992430
0.990130
0.989086
0.989250
0.990246
0.991539
0.992625
0.993215
0.993368
0.993515
0.994217
0.995688
0.997390
0.998317
0.997852
0.996362
0.994894
0.994315
0.994778
0.995979
0.997666
0.999792
1.002210
1.004451
1.005982
1.006566
1.006410
1.005956
1.005559
1.005281
1.004928
1.004279
1.003328
1.002361
1.001659
1.001131
1.000292
0.998774
0.996858
0.995389
0.995012
0.995538
0.996138
0.996195
0.995794
0.995419
0.995447
0.996019
0.997158
0.998733
1.000403
1.001783
1.002713
1.003314
1.003864
1.004541
1.005220
1.005478
1.004984
1.003862
1.002562
1.001299
0.999843
0.997947
0.995883
0.994447
0.994390
0.995815
0.998068
1.000200
1.001521
1.001791
1.000972
0.999133
0.996675
0.994496
0.993607
0.994456
0.996655
0.999374
1.001907
1.003843
1.004962
1.005234
1.005008
1.005052
1.006065
1.008100
1.010510
1.012486
1.013583
1.013727
1.012951
1.011329
1.009157
1.006915
1.004946
1.003247
1.001665
1.000293
0.999581
0.999997
1.001522
1.003587
1.005421
1.006505
1.006621
1.005733
1.003880
1.001117
0.997426
0.992866
0.987985
0.983965
0.982232
0.983558
0.987369
0.991934
0.995401
0.996903
0.996689
0.995504
0.994005
0.992671
0.991901
0.992039
0.993254
0.995327
0.997659
0.999519
1.000308
0.999826
0.998371
0.996583
0.994992
0.993692
0.992555
0.991719
0.991703
0.992951
0.995354
0.998152
0.996786
0.996307
0.996356
0.997141
0.998674
1.000707
1.002825
1.004534
1.005409
1.005318
1.004475
1.003123
1.001188
0.998374
0.994763
0.991138
0.988594
0.987824
0.988699
0.990435
0.992092
0.993059
0.993242
0.993001
0.992927
0.993601
0.995165
0.997104
0.998507
0.998781
0.998164
0.997458
0.997337
0.997898
0.998884
1.000113
1.001609
1.003353
1.005052
1.006255
1.006694
1.006474
1.006042
1.005842
1.006013
1.006300
1.006275
1.005714
1.004763
1.003708
1.002593
1.001132
0.999110
0.996853
0.995204
0.994878
0.995785
0.997077
0.997878
0.997941
0.997607
0.997335
0.997429
0.998027
0.999112
1.000521
1.002039
1.003508
1.004823
1.005932
1.006793
1.007265
1.007064
1.006003
1.004351
1.002718
1.001462
1.000352
0.998906
0.997078
0.995486
0.994968
0.995878
0.997799
0.999883
1.001421
1.002069
1.001612
0.999867
0.997057
0.994133
0.992403
0.992586
0.994335
0.996650
0.998670
1.000038
1.000769
1.001094
1.001423
1.002313
1.004179
1.006934
1.009985
1.012597
1.014286
1.014864
1.014354
1.012977
1.011173
1.009369
1.007656
1.005763
1.003489
1.001134
0.999471
0.999219
1.000458
1.002553
1.004604
1.005920
1.006179
1.005324
1.003448
1.000613
0.996790
0.992072
0.987093
0.983132
0.981574
0.983080
0.987037
0.991774
0.995560
0.997540
0.997803
0.996855
0.995216
0.993417
0.992047
0.991665
0.992561
0.994565
0.997097
0.999344
1.000583
1.000491
0.999318
0.997700
0.996177
0.994894
0.993788
0.993026
0.993032
0.994140
0.996232
0.998686
0.997949
0.997463
0.997252
0.997567
0.998528
1.000050
1.001834
1.003403
1.004282
1.004294
1.003674
1.002661
1.001056
0.998389
0.994664
0.990816
0.988231
0.987759
0.989142
0.991308
0.993109
0.993938
0.993863
0.993389
0.993173
0.993738
0.995181
0.997026
0.998504
0.999169
0.999262
0.999424
1.000098
1.001189
1.002306
1.003207
1.003957
1.004734
1.005515
1.006035
1.006015
1.005461
1.004794
1.004599
1.005157
1.006195
1.007069
1.007266
1.006738
1.005758
1.004509
1.002900
1.000801
0.998498
0.996729
0.996230
0.997076
0.998560
0.999754
1.000210
1.000070
0.999715
0.999442
0.999423
0.999800
1.000691
1.002131
1.004015
1.006024
1.007771
1.008977
1.009459
1.009012
1.007559
1.005448
1.003384
1.001875
1.000754
0.999459
0.997729
0.995997
0.995088
0.995511
0.997082
0.999127
1.000980
1.002161
1.002209
1.000679
0.997654
0.994218
0.991924
0.991670
0.993066
0.994960
0.996404
0.997159
0.997500
0.997852
0.998584
0.999992
1.002247
1.005247
1.008567
1.011582
1.013698
1.014550
1.014097
1.012683
1.010931
1.009307
1.007766
1.005874
1.003369
1.000657
0.998722
0.998435
0.999886
1.002314
1.004624
1.006014
1.006163
1.005163
1.003253
1.000548
0.996967
0.992535
0.987862
0.984154
0.982673
0.983964
0.987435
0.991640
0.995152
0.997256
0.997940
0.997440
0.996030
0.994149
0.992474
0.991685
0.992201
0.994008
0.996633
0.999273
1.001084
1.001590
1.000912
0.999628
0.998223
0.996863
0.995588
0.994669
0.994555
0.995508
0.997336
0.999432
0.998207
0.997744
0.997505
0.997709
0.998497
0.999844
1.001562
1.003206
1.004245
1.004422
1.003926
1.003016
1.001502
0.998896
0.995195
0.991408
0.989014
0.988856
0.990538
0.992831
0.994566
0.995223
0.994966
0.994317
0.993898
0.994199
0.995314
0.996854
0.998195
0.999064
0.999766
1.000838
1.002460
1.004232
1.005528
1.006031
1.005912
1.005591
1.005339
1.005055
1.004434
1.003370
1.002278
1.001896
1.002695
1.004432
1.006273
1.007430
1.007638
1.007117
1.006173
1.004827
1.002963
1.000744
0.998810
0.997945
0.998456
0.999888
1.001391
1.002369
1.002731
1.002615
1.002132
1.001464
1.000969
1.001124
1.002268
1.004333
1.006798
1.008984
1.010431
1.010934
1.010361
1.008701
1.006331
1.003977
1.002184
1.000840
0.999383
0.997494
0.995544
0.994356
0.994522
0.996015
0.998296
1.000713
1.002613
1.003232
1.001894
0.998680
0.994876
0.992287
0.991891
0.993185
0.994860
0.995962
0.996379
0.996549
0.996932
0.997767
0.999137
1.001106
1.003708
1.006738
1.009669
1.011824
1.012672
1.012088
1.010464
1.008499
1.006719
1.005100
1.003209
1.000806
0.998332
0.996806
0.997084
0.999149
1.002066
1.004602
1.005934
1.005887
1.004767
1.002979
1.000684
0.997729
0.994007
0.989958
0.986612
0.985071
0.985830
0.988403
0.991623
0.994400
0.996255
0.997187
0.997246
0.996451
0.995040
0.993553
0.992646
0.992823
0.994265
0.996725
0.999492
1.001635
1.002526
1.002184
1.001124
0.999788
0.998327
0.996846
0.995721
0.995478
0.996369
0.998104
0.999989
0.997515
0.997274
0.997240
0.997556
0.998326
0.999623
1.001391
1.003275
1.004670
1.005156
1.004791
1.003825
1.002204
0.999583
0.996050
0.992593
0.990604
0.990791
0.992638
0.994887
0.996464
0.996964
0.996574
0.995738
0.994998
0.994845
0.995467
0.996595
0.997760
0.998802
1.000067
1.001977
1.004408
1.006613
1.007758
1.007541
1.006356
1.004925
1.003765
1.002859
1.001811
1.000389
0.998962
0.998367
0.999242
1.001425
1.004045
1.006122
1.007203
1.007420
1.007089
1.006260
1.004739
1.002562
1.000343
0.999014
0.999159
1.000562
1.002456
1.004134
1.005234
1.005579
1.005053
1.003812
1.002461
1.001848
1.002553
1.004481
1.006893
1.008934
1.010112
1.010327
1.009582
1.007928
1.005713
1.003536
1.001806
1.000357
0.998676
0.996556
0.994464
0.993239
0.993485
0.995187
0.997873
1.000902
1.003504
1.004655
1.003485
1.000105
0.996048
0.993338
0.992974
0.994319
0.995986
0.997085
0.997616
0.998000
0.998531
0.999242
1.000103
1.001252
1.002922
1.005125
1.007448
1.009205
1.009785
1.008997
1.007179
1.004960
1.002858
1.000950
0.998964
0.996783
0.994841
0.994047
0.995100
0.997820
1.001136
1.003792
1.005052
1.004912
1.003828
1.002304
1.000535
0.998336
0.995490
0.992221
0.989323
0.987761
0.988027
0.989762
0.992024
0.993989
0.995409
0.996404
0.996991
0.997012
0.996425
0.995494
0.994709
0.994593
0.995528
0.997506
0.999940
1.001879
1.002622
1.002189
1.001109
0.999827
0.998449
0.997043
0.995973
0.995796
0.996768
0.998538
1.000357
0.996374
0.996595
0.996862
0.997229
0.997848
0.998983
1.000784
1.002975
1.004859
1.005768
1.005547
1.004444
1.002615
0.999998
0.996817
0.993958
0.992555
0.993113
0.995041
0.997180
0.998591
0.999001
0.998568
0.997624
0.996586
0.995951
0.996026
0.996710
0.997658
0.998788
1.000441
1.002885
1.005724
1.007902
1.008458
1.007200
1.004830
1.002383
1.000562
0.999369
0.998295
0.996930
0.995526
0.994885
0.995715
0.998011
1.001014
1.003757
1.005664
1.006733
1.007174
1.006942
1.005725
1.003483
1.000882
0.999060
0.998854
1.000236
1.002489
1.004824
1.006669
1.007562
1.007174
1.005634
1.003736
1.002595
1.002891
1.004416
1.006231
1.007425
1.007681
1.007181
1.006164
1.004761
1.003191
1.001763
1.000567
0.999311
0.997588
0.995428
0.993461
0.992544
0.993149
0.995155
0.998085
1.001399
1.004373
1.005899
1.004939
1.001598
0.997533
0.994877
0.994592
0.995968
0.997660
0.998926
0.999839
1.000681
1.001461
1.001988
1.002200
1.002360
1.002885
1.003971
1.005349
1.006426
1.006634
1.005746
1.003962
1.001734
0.999465
0.997319
0.995244
0.993274
0.991824
0.991627
0.993196
0.996224
0.999642
1.002284
1.003553
1.003509
1.002590
1.001281
0.999838
0.998172
0.996067
0.993577
0.991263
0.989945
0.990109
0.991486
0.993231
0.994662
0.995693
0.996606
0.997510
0.998177
0.998349
0.998010
0.997443
0.997124
0.997543
0.998830
1.000502
1.001667
1.001717
1.000791
0.999516
0.998376
0.997418
0.996570
0.996019
0.996195
0.997316
0.999052
1.000728
0.995489
0.996268
0.996723
0.996867
0.997049
0.997829
0.999572
1.002039
1.004379
1.005660
1.005517
1.004214
1.002186
0.999718
0.997144
0.995149
0.994490
0.995415
0.997343
0.999287
1.000524
1.000902
1.000575
0.999725
0.998617
0.997698
0.997355
0.997618
0.998256
0.999243
1.000903
1.003420
1.006195
1.007987
1.007756
1.005464
1.002055
0.998818
0.996593
0.995387
0.994592
0.993653
0.992636
0.992189
0.992974
0.995121
0.998116
1.001158
1.003665
1.005491
1.006663
1.006964
1.005970
1.003605
1.000618
0.998321
0.997705
0.998857
1.001146
1.003806
1.006164
1.007588
1.007570
1.006174
1.004261
1.003018
1.003106
1.004149
1.005069
1.005025
1.004010
1.002604
1.001325
1.000365
0.999728
0.999322
0.998871
0.997970
0.996419
0.994520
0.993046
0.992750
0.993861
0.996040
0.998801
1.001823
1.004647
1.006290
1.005651
1.002733
0.999105
0.996799
0.996663
0.997975
0.999544
1.000826
1.001966
1.003112
1.004055
1.004450
1.004188
1.003570
1.003092
1.003091
1.003513
1.003962
1.003970
1.003272
1.001878
1.000018
0.997929
0.995800
0.993753
0.991950
0.990771
0.990782
0.992357
0.995199
0.998370
1.000898
1.002260
1.002428
1.001660
1.000340
0.998842
0.997315
0.995666
0.993874
0.992290
0.991573
0.992137
0.993694
0.995431
0.996706
0.997512
0.998231
0.999080
0.999880
1.000331
1.000294
0.999916
0.999590
0.999735
1.000425
1.001200
1.001328
1.000440
0.998886
0.997412
0.996529
0.996252
0.996337
0.996683
0.997413
0.998605
1.000028
1.001255
0.995435
0.996642
0.997022
0.996644
0.996176
0.996486
0.998087
1.000699
1.003281
1.004688
1.004427
1.002858
1.000714
0.998603
0.996909
0.995989
0.996150
0.997393
0.999208
1.000865
1.001894
1.002283
1.002177
1.001610
1.000652
0.999673
0.999104
0.999052
0.999343
0.999973
1.001304
1.003508
1.005932
1.007257
1.006440
1.003518
0.999564
0.995959
0.993583
0.992444
0.991925
0.991426
0.990889
0.990767
0.991587
0.993517
0.996266
0.999267
1.002023
1.004304
1.005968
1.006633
1.005774
1.003326
1.000089
0.997418
0.996324
0.996954
0.998813
1.001288
1.003781
1.005601
1.006116
1.005266
1.003829
1.002910
1.003047
1.003730
1.003847
1.002715
1.000647
0.998576
0.997219
0.996757
0.996938
0.997313
0.997365
0.996730
0.995462
0.994101
0.993420
0.993927
0.995530
0.997651
0.999826
1.002033
1.004216
1.005697
1.005452
1.003336
1.000617
0.999006
0.999159
1.000374
1.001647
1.002604
1.003474
1.004421
1.005244
1.005551
1.005137
1.004159
1.003049
1.002273
1.002049
1.002232
1.002435
1.002281
1.001584
1.000342
0.998669
0.996751
0.994823
0.993117
0.991969
0.991816
0.992979
0.995269
0.997985
1.000337
1.001814
1.002192
1.001474
0.999951
0.998135
0.996453
0.995015
0.993801
0.993025
0.993141
0.994397
0.996416
0.998395
0.999737
1.000441
1.000888
1.001312
1.001637
1.001705
1.001490
1.001176
1.001059
1.001341
1.001851
1.002045
1.001356
0.999725
0.997724
0.996165
0.995574
0.995967
0.997003
0.998294
0.999560
1.000655
1.001452
1.001874
0.996464
0.997815
0.997874
0.996866
0.995759
0.995653
0.997075
0.999612
1.002074
1.003222
1.002572
1.000656
0.998513
0.996964
0.996326
0.996544
0.997472
0.998909
1.000493
1.001804
1.002644
1.003098
1.003243
1.002934
1.002107
1.001088
1.000377
1.000148
1.000213
1.000546
1.001504
1.003301
1.005345
1.006377
1.005419
1.002554
0.998812
0.995441
0.993202
0.992078
0.991537
0.991106
0.990764
0.990859
0.991748
0.993535
0.996016
0.998781
1.001453
1.003799
1.005601
1.006390
1.005614
1.003215
0.999987
0.997175
0.995665
0.995609
0.996689
0.998530
1.000725
1.002643
1.003599
1.003404
1.002646
1.002251
1.002619
1.003187
1.002911
1.001285
0.998830
0.996638
0.995474
0.995406
0.995976
0.996560
0.996638
0.996050
0.995108
0.994456
0.994695
0.995989
0.997922
0.999764
1.001130
1.002267
1.003537
1.004638
1.004729
1.003529
1.001911
1.001155
1.001701
1.002887
1.003826
1.004222
1.004359
1.004590
1.004959
1.005189
1.004912
1.003999
1.002716
1.001630
1.001228
1.001591
1.002336
1.002930
1.002973
1.002315
1.001011
0.999283
0.997430
0.995725
0.994435
0.993918
0.994484
0.996106
0.998334
1.000525
1.002108
1.002656
1.001967
1.000260
0.998161
0.996300
0.994966
0.994204
0.994162
0.995083
0.996973
0.999344
1.001477
1.002884
1.003557
1.003738
1.003558
1.003012
1.002180
1.001331
1.000843
1.001011
1.001783
1.002656
1.002867
1.001941
1.000053
0.997935
0.996419
0.996032
0.996844
0.998512
1.000436
1.002014
1.002851
1.002884
1.002371
0.998460
0.999688
0.999385
0.997920
0.996449
0.996113
0.997321
0.999496
1.001397
1.001853
1.000569
0.998289
0.996276
0.995418
0.995827
0.997045
0.998547
1.000017
1.001298
1.002300
1.003043
1.003624
1.003964
1.003735
1.002792
1.001532
1.000609
1.000295
1.000382
1.000722
1.001572
1.003117
1.004877
1.005810
1.005152
1.003037
1.000296
0.997815
0.996047
0.994888
0.993951
0.993042
0.992369
0.992338
0.993209
0.994961
0.997314
0.999863
1.002272
1.004373
1.005988
1.006688
1.005983
1.003838
1.000948
0.998318
0.996612
0.995927
0.996102
0.997033
0.998551
1.000177
1.001253
1.001490
1.001272
1.001330
1.001962
1.002639
1.002459
1.001027
0.998904
0.997127
0.996362
0.996525
0.997055
0.997342
0.997071
0.996370
0.995756
0.995817
0.996862
0.998701
1.000683
1.002076
1.002616
1.002756
1.003132
1.003743
1.003961
1.003427
1.002667
1.002588
1.003473
1.004725
1.005493
1.005398
1.004718
1.004048
1.003817
1.003961
1.003998
1.003476
1.002460
1.001530
1.001351
1.002117
1.003429
1.004614
1.005141
1.004798
1.003657
1.001980
1.000092
0.998272
0.996748
0.995813
0.995784
0.996787
0.998578
1.000641
1.002352
1.003130
1.002624
1.001003
0.998924
0.997093
0.995909
0.995503
0.995986
0.997418
0.999562
1.001915
1.003922
1.005303
1.006021
1.006082
1.005402
1.003960
1.002068
1.000335
0.999440
0.999778
1.001152
1.002719
1.003473
1.002870
1.001181
0.999215
0.997803
0.997485
0.998386
1.000211
1.002295
1.003860
1.004376
1.003791
1.002550
1.001036
1.002030
1.001539
0.999995
0.998529
0.998140
0.999037
1.000540
1.001487
1.000977
0.998972
0.996432
0.994667
0.994483
0.995743
0.997677
0.999512
1.000914
1.001926
1.002736
1.003500
1.004249
1.004707
1.004391
1.003126
1.001434
1.000171
0.999775
1.000059
1.000717
1.001759
1.003228
1.004736
1.005606
1.005465
1.004534
1.003331
1.002219
1.001217
1.000057
0.998506
0.996694
0.995188
0.994629
0.995326
0.997131
0.999569
1.002078
1.004250
1.005968
1.007182
1.007650
1.007056
1.005384
1.003156
1.001032
0.999390
0.998245
0.997578
0.997528
0.998185
0.999253
1.000148
1.000493
1.000512
1.000773
1.001553
1.002445
1.002670
1.001869
1.000491
0.999393
0.999074
0.999345
0.999628
0.999434
0.998696
0.997814
0.997410
0.997950
0.999445
1.001422
1.003145
1.003977
1.003831
1.003285
1.003042
1.003232
1.003351
1.003017
1.002564
1.002705
1.003715
1.005076
1.005909
1.005671
1.004522
1.003210
1.002496
1.002574
1.002957
1.003003
1.002558
1.002120
1.002342
1.003425
1.004963
1.006274
1.006842
1.006506
1.005369
1.003675
1.001712
0.999737
0.997971
0.996664
0.996118
0.996551
0.997916
0.999847
1.001750
1.002924
1.002897
1.001738
1.000048
0.998536
0.997643
0.997552
0.998321
0.999835
1.001746
1.003638
1.005267
1.006566
1.007458
1.007649
1.006760
1.004711
1.001966
0.999436
0.998086
0.998445
1.000254
1.002472
1.003873
1.003797
1.002485
1.000756
0.999452
0.999100
0.999840
1.001403
1.003193
1.004477
1.004727
1.003887
1.002398
1.003641
1.004414
1.003954
1.002668
1.001460
1.001057
1.001483
1.002074
1.001924
1.000472
0.997960
0.995395
0.993972
0.994301
0.996077
0.998388
1.000397
1.001775
1.002680
1.003454
1.004320
1.005232
1.005771
1.005346
1.003768
1.001627
0.999951
0.999377
0.999811
1.000849
1.002196
1.003642
1.004857
1.005582
1.005906
1.006168
1.006573
1.006929
1.006805
1.005750
1.003609
1.000789
0.998228
0.996915
0.997318
0.999228
1.001924
1.004587
1.006649
1.007991
1.008738
1.008926
1.008466
1.007404
1.006025
1.004621
1.003261
1.001872
1.000558
0.999693
0.999592
1.000138
1.000781
1.001047
1.000997
1.001151
1.001881
1.002933
1.003623
1.003514
1.002886
1.002411
1.002464
1.002792
1.002838
1.002211
1.001035
0.999865
0.999396
0.999994
1.001487
1.003242
1.004503
1.004779
1.004153
1.003278
1.002825
1.002846
1.002805
1.002299
1.001643
1.001556
1.002416
1.003818
1.004868
1.004833
1.003707
1.002210
1.001265
1.001274
1.001896
1.002479
1.002730
1.002931
1.003541
1.004674
1.005967
1.006884
1.007098
1.006581
1.005443
1.003831
1.001909
0.999893
0.998011
0.996478
0.995533
0.995429
0.996317
0.998080
1.000207
1.001936
1.002627
1.002201
1.001156
1.000173
0.999713
0.999940
1.000793
1.002017
1.003272
1.004383
1.005469
1.006687
1.007878
1.008425
1.007671
1.005428
1.002282
0.999353
0.997757
0.998079
1.000034
1.002516
1.004243
1.004497
1.003463
1.001929
1.000710
1.000278
1.000700
1.001716
1.002897
1.003764
1.003948
1.003322
1.002124
1.005625
1.006170
1.005817
1.004882
1.003966
1.003473
1.003306
1.002954
1.001860
0.999816
0.997219
0.994962
0.993963
0.994612
0.996565
0.998988
1.001111
1.002605
1.003617
1.004505
1.005514
1.006573
1.007199
1.006749
1.004995
1.002521
1.000412
0.999484
0.999832
1.001056
1.002631
1.004071
1.005030
1.005566
1.006154
1.007263
1.008861
1.010371
1.011011
1.010147
1.007625
1.004020
1.000558
0.998532
0.998627
1.000609
1.003573
1.006441
1.008485
1.009563
1.009930
1.009879
1.009553
1.009051
1.008476
1.007805
1.006856
1.005483
1.003880
1.002590
1.002108
1.002410
1.002905
1.002975
1.002594
1.002362
1.002839
1.003932
1.004963
1.005370
1.005261
1.005193
1.005487
1.005846
1.005695
1.004702
1.003078
1.001481
1.000639
1.000926
1.002119
1.003532
1.004385
1.004238
1.003303
1.002335
1.001976
1.002133
1.002109
1.001415
1.000393
0.999890
1.000425
1.001710
1.002879
1.003137
1.002316
1.000973
0.999961
0.999808
1.000425
1.001346
1.002220
1.003045
1.003958
1.004915
1.005648
1.005879
1.005564
1.004838
1.003812
1.002481
1.000854
0.999093
0.997406
0.995930
0.994787
0.994245
0.994679
0.996245
0.998561
1.000817
1.002208
1.002502
1.002104
1.001685
1.001704
1.002234
1.003034
1.003736
1.004092
1.004259
1.004723
1.005845
1.007356
1.008382
1.008011
1.005984
1.002951
1.000124
0.998623
0.998948
1.000758
1.003030
1.004604
1.004840
1.003898
1.002497
1.001366
1.000855
1.000880
1.001190
1.001615
1.002084
1.002452
1.002450
1.001953
1.006388
1.006636
1.006269
1.005558
1.004840
1.004231
1.003537
1.002437
1.000734
0.998537
0.996285
0.994623
0.994123
0.994991
0.996940
0.999339
1.001547
1.003226
1.004453
1.005537
1.006725
1.007942
1.008694
1.008305
1.006495
1.003766
1.001191
0.999719
0.999680
1.000807
1.002483
1.003997
1.004909
1.005371
1.006052
1.007514
1.009675
1.011813
1.012962
1.012352
1.009764
1.005807
1.001830
0.999310
0.999094
1.000992
1.004011
1.006938
1.008962
1.009910
1.010114
1.009987
1.009795
1.009677
1.009648
1.009536
1.009026
1.007937
1.006491
1.005296
1.004898
1.005245
1.005619
1.005303
1.004316
1.003470
1.003570
1.004619
1.005846
1.006535
1.006682
1.006820
1.007240
1.007592
1.007240
1.005883
1.003820
1.001756
1.000448
1.000319
1.001212
1.002438
1.003129
1.002774
1.001621
1.000555
1.000326
1.000781
1.001029
1.000433
0.999289
0.998503
0.998700
0.999714
1.000774
1.001155
1.000606
0.999461
0.998359
0.997871
0.998209
0.999208
1.000532
1.001868
1.002987
1.003686
1.003807
1.003359
1.002570
1.001733
1.000949
1.000097
0.999068
0.997939
0.996849
0.995796
0.994768
0.994052
0.994204
0.995608
0.997995
1.000508
1.002272
1.002971
1.002991
1.002984
1.003367
1.004064
1.004662
1.004717
1.004128
1.003356
1.003204
1.004167
1.005921
1.007410
1.007558
1.006040
1.003521
1.001196
1.000047
1.000400
1.001870
1.003594
1.004674
1.004642
1.003678
1.002411
1.001435
1.000915
1.000590
1.000195
0.999863
0.999991
1.000684
1.001497
1.001860
1.005735
1.005627
1.005091
1.004449
1.003898
1.003317
1.002377
1.000857
0.998854
0.996754
0.995032
0.994078
0.994139
0.995250
0.997200
0.999526
1.001715
1.003450
1.004781
1.006000
1.007366
1.008784
1.009721
1.009456
1.007640
1.004679
1.001596
0.999436
0.998765
0.999542
1.001208
1.002927
1.004089
1.004719
1.005437
1.006871
1.009067
1.011384
1.012841
1.012573
1.010263
1.006420
1.002341
0.999526
0.998926
1.000461
1.003182
1.005881
1.007759
1.008674
1.008949
1.008977
1.009001
1.009135
1.009381
1.009569
1.009417
1.008767
1.007847
1.007199
1.007230
1.007722
1.007837
1.006854
1.004994
1.003384
1.003049
1.003996
1.005294
1.006089
1.006347
1.006613
1.007140
1.007476
1.006932
1.005286
1.002940
1.000622
0.999059
0.998692
0.999461
1.000720
1.001507
1.001138
0.999810
0.998529
0.998235
0.998874
0.999486
0.999270
0.998369
0.997611
0.997631
0.998350
0.999175
0.999506
0.999067
0.997984
0.996673
0.995720
0.995622
0.996518
0.998089
0.999750
1.000943
1.001354
1.000959
1.000024
0.998975
0.998180
0.997736
0.997471
0.997230
0.997017
0.996827
0.996498
0.995919
0.995370
0.995514
0.996829
0.999093
1.001471
1.003141
1.003839
1.003953
1.004088
1.004542
1.005110
1.005278
1.004635
1.003231
1.001734
1.001097
1.001878
1.003734
1.005560
1.006222
1.005369
1.003603
1.001980
1.001261
1.001600
1.002608
1.003635
1.004084
1.003690
1.002677
1.001598
1.000915
1.000586
1.000135
0.999235
0.998262
0.998034
0.998937
1.000412
1.001496
1.004234
1.003806
1.003082
1.002482
1.002173
1.001861
1.001023
0.999383
0.997215
0.995177
0.993852
0.993504
0.994125
0.995582
0.997628
0.999863
1.001833
1.003311
1.004432
1.005573
1.007007
1.008605
1.009761
1.009690
1.007954
1.004847
1.001312
0.998448
0.997044
0.997308
0.998838
1.000817
1.002452
1.003485
1.004316
1.005568
1.007509
1.009740
1.011393
1.011578
1.009837
1.006492
1.002617
0.999620
0.998511
0.999374
1.001404
1.003529
1.005048
1.005900
1.006383
1.006794
1.007229
1.007666
1.008069
1.008354
1.008382
1.008128
1.007836
1.007919
1.008520
1.009153
1.008860
1.007032
1.004172
1.001714
1.000854
1.001565
1.002801
1.003623
1.004002
1.004477
1.005216
1.005639
1.005055
1.003361
1.001087
0.998941
0.997504
0.997162
0.997931
0.999275
1.000218
0.999961
0.998573
0.997057
0.996491
0.996999
0.997739
0.997862
0.997358
0.996883
0.996985
0.997632
0.998362
0.998677
0.998283
0.997142
0.995561
0.994183
0.993715
0.994474
0.996109
0.997824
0.998860
0.998899
0.998090
0.996896
0.995829
0.995248
0.995191
0.995501
0.996027
0.996723
0.997462
0.997948
0.997997
0.997861
0.998169
0.999381
1.001321
1.003265
1.004541
1.004997
1.004993
1.004993
1.005144
1.005194
1.004701
1.003404
1.001482
0.999633
0.998761
0.999381
1.001173
1.003124
1.004200
1.004064
1.003193
1.002370
1.002084
1.002320
1.002756
1.002991
1.002724
1.001902
1.000828
1.000023
0.999833
1.000006
0.999802
0.998742
0.997296
0.996609
0.997363
0.999056
1.000529
1.003072
1.002478
1.001672
1.001168
1.001168
1.001264
1.000715
0.999100
0.996756
0.994566
0.993330
0.993330
0.994421
0.996291
0.998536
1.000668
1.002256
1.003180
1.003750
1.004491
1.005740
1.007343
1.008655
1.008838
1.007361
1.004373
1.000679
0.997352
0.995313
0.995001
0.996248
0.998361
1.000468
1.002018
1.003080
1.004173
1.005739
1.007688
1.009383
1.009998
1.008976
1.006358
1.002913
0.999841
0.998172
0.998146
0.999171
1.000388
1.001296
1.001948
1.002663
1.003618
1.004688
1.005614
1.006220
1.006466
1.006417
1.006275
1.006407
1.007133
1.008317
1.009158
1.008572
1.006047
1.002311
0.998996
0.997446
0.997697
0.998713
0.999551
1.000160
1.001013
1.002129
1.002843
1.002489
1.001116
0.999349
0.997807
0.996855
0.996716
0.997447
0.998689
0.999643
0.999535
0.998300
0.996756
0.995880
0.995931
0.996312
0.996380
0.996124
0.996037
0.996499
0.997406
0.998329
0.998800
0.998494
0.997317
0.995581
0.994023
0.993438
0.994131
0.995669
0.997131
0.997733
0.997267
0.996089
0.994808
0.993937
0.993703
0.994037
0.994778
0.995824
0.997129
0.998507
0.999622
1.000236
1.000505
1.000931
1.001918
1.003377
1.004813
1.005742
1.006054
1.005953
1.005683
1.005256
1.004504
1.003251
1.001460
0.999374
0.997550
0.996668
0.997126
0.998687
1.000545
1.001891
1.002476
1.002622
1.002735
1.002914
1.002973
1.002698
1.001987
1.000860
0.999515
0.998369
0.997951
0.998474
0.999447
0.999833
0.998927
0.997173
0.995913
0.996127
0.997542
0.999040
1.003360
1.002789
1.002001
1.001596
1.001815
1.002208
1.001894
1.000303
0.997739
0.995221
0.993774
0.993816
0.995188
0.997422
0.999922
1.002036
1.003274
1.003594
1.003462
1.003543
1.004269
1.005553
1.006803
1.007203
1.006167
1.003684
1.000346
0.997072
0.994743
0.993919
0.994672
0.996574
0.998863
1.000823
1.002187
1.003228
1.004394
1.005848
1.007276
1.008067
1.007658
1.005848
1.003026
1.000099
0.997987
0.997043
0.996915
0.997029
0.997135
0.997459
0.998365
0.999925
1.001770
1.003324
1.004163
1.004216
1.003750
1.003286
1.003448
1.004584
1.006347
1.007648
1.007208
1.004481
1.000224
0.996163
0.993799
0.993396
0.994074
0.994925
0.995822
0.997100
0.998675
0.999833
0.999981
0.999271
0.998353
0.997710
0.997453
0.997587
0.998146
0.999013
0.999740
0.999761
0.998917
0.997646
0.996600
0.996013
0.995624
0.995209
0.994953
0.995240
0.996191
0.997522
0.998754
0.999443
0.999276
0.998195
0.996592
0.995233
0.994849
0.995587
0.996890
0.997853
0.997827
0.996789
0.995289
0.994039
0.993490
0.993673
0.994353
0.995306
0.996493
0.997930
0.999476
1.000830
1.001728
1.002195
1.002558
1.003157
1.004086
1.005132
1.006006
1.006516
1.006584
1.006144
1.005140
1.003583
1.001636
0.999533
0.997515
0.995902
0.995111
0.995426
0.996687
0.998319
0.999801
1.001048
1.002254
1.003399
1.004099
1.003944
1.002847
1.001063
0.998991
0.997112
0.995976
0.996093
0.997499
0.999413
1.000504
0.999877
0.997928
0.996084
0.995558
0.996371
0.997602
1.005308
1.004926
1.004185
1.003756
1.003949
1.004360
1.004094
1.002494
0.999763
0.996921
0.995105
0.994921
0.996301
0.998733
1.001482
1.003733
1.004892
1.004879
1.004178
1.003533
1.003479
1.004096
1.004959
1.005390
1.004837
1.003164
1.000713
0.998087
0.995923
0.994719
0.994742
0.995939
0.997885
0.999936
1.001581
1.002724
1.003591
1.004421
1.005241
1.005801
1.005696
1.004590
1.002522
1.000002
0.997727
0.996057
0.994880
0.993940
0.993271
0.993270
0.994334
0.996446
0.999006
1.001116
1.002073
1.001728
1.000532
0.999369
0.999190
1.000493
1.002829
1.004880
1.005115
1.002770
0.998460
0.993922
0.990856
0.989822
0.990149
0.990952
0.991991
0.993491
0.995345
0.996920
0.997683
0.997804
0.997880
0.998249
0.998768
0.999188
0.999491
0.999816
1.000153
1.000251
0.999889
0.999099
0.998070
0.996920
0.995707
0.994700
0.994339
0.994897
0.996197
0.997735
0.999016
0.999715
0.999652
0.998864
0.997757
0.996999
0.997089
0.997942
0.998934
0.999310
0.998640
0.997100
0.995378
0.994243
0.994067
0.994669
0.995593
0.996539
0.997516
0.998659
0.999927
1.001113
1.001960
1.002378
1.002519
1.002679
1.003124
1.003953
1.005041
1.006085
1.006661
1.006378
1.005075
1.002944
1.000467
0.998114
0.996144
0.994731
0.994106
0.994449
0.995592
0.997062
0.998568
1.000261
1.002316
1.004344
1.005482
1.005086
1.003218
1.000494
0.997682
0.995496
0.994591
0.995396
0.997714
1.000469
1.002109
1.001682
0.999595
0.997310
0.996098
0.996210
0.996975
1.008000
1.007944
1.007242
1.006649
1.006582
1.006762
1.006412
1.004851
1.002140
0.999144
0.996995
0.996435
0.997567
0.999960
1.002858
1.005368
1.006764
1.006803
1.005837
1.004589
1.003706
1.003478
1.003722
1.003976
1.003801
1.003008
1.001687
1.000049
0.998354
0.996881
0.995995
0.996054
0.997137
0.998895
1.000728
1.002139
1.002949
1.003269
1.003342
1.003314
1.003098
1.002404
1.001024
0.999089
0.996963
0.994935
0.993082
0.991452
0.990319
0.990174
0.991399
0.993887
0.996893
0.999285
1.000154
0.999280
0.997268
0.995314
0.994674
0.995989
0.998802
1.001643
1.002766
1.001158
0.997230
0.992672
0.989320
0.987953
0.988044
0.988673
0.989510
0.990782
0.992514
0.994231
0.995467
0.996350
0.997354
0.998656
0.999902
1.000605
1.000691
1.000504
1.000428
1.000535
1.000577
1.000268
0.999412
0.997987
0.996293
0.994938
0.994520
0.995162
0.996420
0.997670
0.998524
0.998907
0.998867
0.998526
0.998199
0.998287
0.998958
0.999935
1.000631
1.000515
0.999377
0.997544
0.995763
0.994814
0.994994
0.995936
0.996988
0.997773
0.998365
0.999007
0.999785
1.000574
1.001158
1.001384
1.001260
1.001032
1.001086
1.001771
1.003146
1.004834
1.006128
1.006331
1.005120
1.002746
0.999886
0.997214
0.995127
0.993838
0.993554
0.994330
0.995789
0.997339
0.998804
1.000581
1.002960
1.005359
1.006603
1.005923
1.003542
1.000366
0.997373
0.995355
0.994946
0.996477
0.999551
1.002844
1.004720
1.004318
1.002163
0.999659
0.997991
0.997458
0.997619
1.009952
1.010315
1.009709
1.008944
1.008558
1.008459
1.008037
1.006639
1.004166
1.001263
0.998960
0.998064
0.998833
1.000992
1.003861
1.006569
1.008285
1.008573
1.007582
1.005946
1.004417
1.003470
1.003163
1.003233
1.003353
1.003293
1.002940
1.002185
1.000939
0.999241
0.997467
0.996292
0.996285
0.997488
0.999367
1.001132
1.002165
1.002272
1.001707
1.000922
1.000191
0.999457
0.998483
0.997111
0.995363
0.993385
0.991384
0.989644
0.988575
0.988614
0.990039
0.992673
0.995752
0.998120
0.998776
0.997476
0.994915
0.992472
0.991540
0.992806
0.995799
0.999046
1.000781
0.999899
0.996675
0.992668
0.989666
0.988451
0.988488
0.988815
0.989096
0.989670
0.990796
0.992215
0.993550
0.994856
0.996488
0.998486
1.000306
1.001284
1.001265
1.000732
1.000330
1.000345
1.000574
1.000588
0.999993
0.998686
0.997020
0.995700
0.995292
0.995781
0.996613
0.997189
0.997316
0.997210
0.997135
0.997258
0.997694
0.998513
0.999611
1.000637
1.001133
1.000770
0.999505
0.997696
0.996065
0.995361
0.995819
0.996968
0.998041
0.998624
0.998843
0.999044
0.999397
0.999833
1.000152
1.000168
0.999811
0.999261
0.998966
0.999456
1.000964
1.003132
1.005099
1.005929
1.005105
1.002799
0.999723
0.996700
0.994374
0.993197
0.993476
0.995094
0.997317
0.999250
1.000673
1.002180
1.004233
1.006290
1.007141
1.006107
1.003590
1.000627
0.998139
0.996757
0.996993
0.999101
1.002584
1.006022
1.007818
1.007297
1.005145
1.002681
1.000845
0.999843
0.999374
1.010145
1.010879
1.010470
1.009698
1.009162
1.008947
1.008597
1.007480
1.005370
1.002735
1.000491
0.999444
0.999938
1.001788
1.004432
1.007089
1.008922
1.009367
1.008402
1.006582
1.004719
1.003444
1.002954
1.003100
1.003553
1.004002
1.004195
1.003904
1.002900
1.001082
0.998754
0.996699
0.995767
0.996342
0.998080
1.000101
1.001464
1.001615
1.000629
0.999053
0.997491
0.996258
0.995281
0.994276
0.992971
0.991341
0.989654
0.988379
0.987925
0.988538
0.990248
0.992839
0.995683
0.997824
0.998344
0.996972
0.994396
0.991985
0.991072
0.992224
0.994942
0.997917
0.999658
0.999252
0.996940
0.994028
0.991992
0.991374
0.991542
0.991536
0.991101
0.990729
0.990904
0.991573
0.992477
0.993688
0.995514
0.997882
1.000095
1.001331
1.001343
1.000635
0.999965
0.999758
0.999903
1.000011
0.999697
0.998817
0.997625
0.996652
0.996305
0.996515
0.996806
0.996733
0.996274
0.995791
0.995667
0.996043
0.996833
0.997881
0.998978
0.999868
1.000272
0.999995
0.999010
0.997594
0.996331
0.995889
0.996491
0.997682
0.998702
0.999131
0.999119
0.999078
0.999244
0.999553
0.999779
0.999672
0.999121
0.998263
0.997577
0.997710
0.999068
1.001381
1.003753
1.005115
1.004801
1.002837
0.999827
0.996641
0.994140
0.993085
0.993938
0.996454
0.999554
1.002029
1.003495
1.004570
1.005840
1.006974
1.007052
1.005669
1.003383
1.001142
0.999590
0.999049
0.999843
1.002199
1.005635
1.008805
1.010248
1.009534
1.007477
1.005293
1.003620
1.002452
1.001514
1.008648
1.009546
1.009382
1.008796
1.008382
1.008309
1.008200
1.007422
1.005664
1.003305
1.001223
1.000222
1.000607
1.002196
1.004491
1.006840
1.008517
1.008934
1.007974
1.006138
1.004256
1.003039
1.002759
1.003252
1.004092
1.004826
1.005166
1.004981
1.004142
1.002519
1.000257
0.997974
0.996537
0.996533
0.997896
0.999900
1.001476
1.001763
1.000511
0.998191
0.995639
0.993573
0.992223
0.991306
0.990344
0.989134
0.988005
0.987527
0.988066
0.989558
0.991685
0.994141
0.996578
0.998425
0.998995
0.997994
0.995952
0.994040
0.993354
0.994256
0.996243
0.998318
0.999508
0.999308
0.997976
0.996456
0.995709
0.995914
0.996338
0.996096
0.995035
0.993747
0.992844
0.992431
0.992429
0.993066
0.994716
0.997249
0.999792
1.001318
1.001438
1.000620
0.999669
0.999098
0.998934
0.998935
0.998843
0.998525
0.998048
0.997619
0.997425
0.997424
0.997368
0.997018
0.996402
0.995838
0.995661
0.995947
0.996512
0.997151
0.997767
0.998307
0.998670
0.998705
0.998305
0.997533
0.996762
0.996515
0.997080
0.998168
0.999132
0.999532
0.999469
0.999381
0.999576
0.999997
1.000336
1.000268
0.999609
0.998462
0.997314
0.996907
0.997796
0.999862
1.002257
1.003904
1.004075
1.002668
1.000118
0.997161
0.994700
0.993678
0.994731
0.997661
1.001305
1.004257
1.005921
1.006694
1.007148
1.007240
1.006529
1.004984
1.003193
1.001850
1.001230
1.001360
1.002417
1.004601
1.007522
1.010007
1.010855
1.009873
1.007993
1.006300
1.005143
1.004231
1.003184
1.006407
1.007197
1.007230
1.006939
1.006815
1.007036
1.007250
1.006776
1.005244
1.003023
1.001037
1.000108
1.000488
1.001905
1.003876
1.005879
1.007336
1.007716
1.006867
1.005195
1.003499
1.002504
1.002506
1.003304
1.004359
1.005128
1.005405
1.005280
1.004831
1.003918
1.002410
1.000574
0.999063
0.998570
0.999377
1.001085
1.002689
1.003079
1.001669
0.998733
0.995239
0.992244
0.990294
0.989191
0.988344
0.987448
0.986840
0.987185
0.988790
0.991269
0.993898
0.996217
0.998162
0.999678
1.000418
1.000085
0.998924
0.997753
0.997344
0.997852
0.998846
0.999738
1.000131
0.999955
0.999470
0.999213
0.999629
1.000570
1.001257
1.000912
0.999441
0.997434
0.995502
0.993888
0.992755
0.992619
0.994021
0.996777
0.999772
1.001689
1.001957
1.001001
0.999712
0.998719
0.998169
0.997969
0.998003
0.998181
0.998399
0.998555
0.998607
0.998563
0.998427
0.998158
0.997766
0.997394
0.997209
0.997198
0.997200
0.997127
0.997067
0.997164
0.997428
0.997729
0.997854
0.997662
0.997257
0.997034
0.997401
0.998343
0.999364
0.999951
1.000056
1.000066
1.000377
1.001000
1.001583
1.001710
1.001105
0.999795
0.998209
0.997151
0.997332
0.998800
1.000822
1.002419
1.002897
1.002119
1.000334
0.998001
0.995800
0.994633
0.995287
0.997848
1.001420
1.004672
1.006746
1.007612
1.007649
1.007081
1.005994
1.004651
1.003521
1.002927
1.002868
1.003246
1.004179
1.005809
1.007813
1.009245
1.009247
1.007889
1.006180
1.005090
1.004731
1.004507
1.003820
1.004333
1.004951
1.005166
1.005147
1.005254
1.005681
1.006113
1.005824
1.004369
1.002103
1.000016
0.999009
0.999329
1.000645
1.002454
1.004314
1.005779
1.006379
1.005898
1.004613
1.003207
1.002354
1.002357
1.003033
1.003857
1.004371
1.004534
1.004672
1.004983
1.005216
1.004918
1.003931
1.002643
1.001809
1.002065
1.003389
1.004933
1.005425
1.003970
1.000652
0.996476
0.992715
0.990136
0.988659
0.987708
0.986934
0.986656
0.987594
0.990041
0.993374
0.996476
0.998653
1.000047
1.001117
1.001960
1.002311
1.002112
1.001735
1.001597
1.001721
1.001807
1.001649
1.001321
1.001035
1.001019
1.001492
1.002547
1.003859
1.004680
1.004295
1.002595
1.000072
0.997293
0.994615
0.992497
0.991771
0.993140
0.996331
0.999945
1.002344
1.002786
1.001717
1.000152
0.998852
0.998043
0.997692
0.997761
0.998189
0.998805
0.999332
0.999567
0.999523
0.999380
0.999269
0.999215
0.999192
0.999161
0.999028
0.998694
0.998208
0.997772
0.997558
0.997600
0.997799
0.997968
0.997874
0.997443
0.996993
0.997076
0.997945
0.999245
1.000323
1.000867
1.001139
1.001580
1.002322
1.003100
1.003499
1.003154
1.001913
1.000067
0.998409
0.997775
0.998381
0.999690
1.000870
1.001364
1.001070
1.000100
0.998586
0.996789
0.995353
0.995151
0.996702
0.999682
1.003043
1.005715
1.007144
1.007385
1.006831
1.005970
1.005209
1.004756
1.004598
1.004622
1.004804
1.005281
1.006104
1.006927
1.007043
1.005976
1.004085
1.002424
1.001878
1.002419
1.003213
1.003388
1.002641
1.003387
1.003933
1.004143
1.004260
1.004588
1.004959
1.004684
1.003221
1.000819
0.998468
0.997168
0.997274
0.998494
1.000324
1.002331
1.004124
1.005252
1.005426
1.004762
1.003730
1.002868
1.002469
1.002466
1.002572
1.002579
1.002676
1.003280
1.004534
1.005989
1.006895
1.006779
1.005833
1.004859
1.004755
1.005819
1.007340
1.007962
1.006602
1.003206
0.998763
0.994597
0.991561
0.989698
0.988541
0.987749
0.987607
0.988843
0.991764
0.995625
0.999020
1.001009
1.001810
1.002302
1.003023
1.003843
1.004444
1.004790
1.004978
1.004943
1.004507
1.003719
1.002895
1.002364
1.002295
1.002766
1.003766
1.004974
1.005700
1.005248
1.003430
1.000615
0.997337
0.994051
0.991446
0.990559
0.992150
0.995817
0.999958
1.002773
1.003450
1.002481
1.000947
0.999657
0.998854
0.998481
0.998470
0.998782
0.999288
0.999735
0.999876
0.999686
0.999389
0.999268
0.999438
0.999832
1.000246
1.000478
1.000464
1.000300
1.000107
0.999907
0.999632
0.999271
0.998813
0.998137
0.997170
0.996223
0.995966
0.996857
0.998623
1.000466
1.001745
1.002474
1.003046
1.003738
1.004515
1.005125
1.005170
1.004273
1.002466
1.000414
0.999001
0.998640
0.999018
0.999521
0.999767
0.999711
0.999395
0.998655
0.997331
0.995690
0.994583
0.994944
0.997076
1.000358
1.003630
1.005891
1.006841
1.006890
1.006712
1.006693
1.006784
1.006750
1.006520
1.006245
1.006108
1.006028
1.005585
1.004269
1.001995
0.999401
0.997596
0.997413
0.998785
1.000796
1.002303
1.001036
1.002421
1.003584
1.004035
1.003943
1.003830
1.003835
1.003438
1.002003
0.999565
0.996971
0.995263
0.994981
0.996009
0.997907
1.000222
1.002508
1.004298
1.005254
1.005330
1.004748
1.003813
1.002781
1.001798
1.000950
1.000407
1.000533
1.001667
1.003719
1.006040
1.007729
1.008198
1.007561
1.006611
1.006370
1.007300
1.008793
1.009502
1.008310
1.005124
1.000861
0.996744
0.993570
0.991474
0.990157
0.989359
0.989328
0.990714
0.993810
0.997836
1.001244
1.002947
1.003172
1.003063
1.003488
1.004455
1.005524
1.006379
1.006920
1.007010
1.006513
1.005537
1.004433
1.003521
1.002952
1.002819
1.003203
1.003903
1.004327
1.003773
1.001985
0.999240
0.996040
0.992900
0.990537
0.989939
0.991746
0.995494
0.999646
1.002565
1.003559
1.003083
1.002069
1.001197
1.000644
1.000301
1.000054
0.999874
0.999771
0.999670
0.999402
0.998897
0.998318
0.998018
0.998284
0.999099
1.000180
1.001220
1.002111
1.002884
1.003474
1.003614
1.003085
1.001955
1.000464
0.998739
0.996859
0.995206
0.994525
0.995378
0.997565
1.000178
1.002305
1.003617
1.004327
1.004793
1.005321
1.005983
1.006459
1.006130
1.004671
1.002511
1.000515
0.999283
0.998785
0.998645
0.998596
0.998634
0.998748
0.998610
0.997758
0.996123
0.994422
0.993820
0.995106
0.998080
1.001665
1.004641
1.006425
1.007296
1.007879
1.008460
1.008851
1.008764
1.008225
1.007514
1.006812
1.005887
1.004240
1.001552
0.998094
0.994766
0.992699
0.992696
0.994763
0.998037
1.001175
0.999398
1.001801
1.003812
1.004563
1.004167
1.003423
1.002885
1.002313
1.001035
0.998815
0.996201
0.994147
0.993360
0.994001
0.995807
0.998312
1.000982
1.003311
1.004948
1.005724
1.005607
1.004646
1.003042
1.001180
0.999560
0.998705
0.999020
1.000617
1.003109
1.005719
1.007608
1.008277
1.007826
1.006972
1.006680
1.007415
1.008670
1.009223
1.008108
1.005282
1.001548
0.997883
0.994912
0.992836
0.991550
0.990934
0.991194
0.992830
0.996016
0.999938
1.003086
1.004393
1.004146
1.003572
1.003667
1.004505
1.005607
1.006591
1.007312
1.007625
1.007332
1.006425
1.005157
1.003799
1.002547
1.001589
1.001150
1.001186
1.001235
1.000650
0.999156
0.996990
0.994614
0.992461
0.991035
0.990995
0.992724
0.995824
0.999196
1.001745
1.003053
1.003408
1.003338
1.003185
1.002979
1.002599
1.001930
1.001016
1.000058
0.999222
0.998483
0.997709
0.996948
0.996539
0.996884
0.998062
0.999774
1.001631
1.003465
1.005232
1.006684
1.007322
1.006769
1.005107
1.002726
0.999991
0.997181
0.994785
0.993583
0.994168
0.996401
0.999393
1.002084
1.003840
1.004592
1.004698
1.004790
1.005355
1.006222
1.006569
1.005694
1.003728
1.001492
0.999783
0.998843
0.998449
0.998337
0.998461
0.998794
0.999007
0.998520
0.997069
0.995191
0.994037
0.994614
0.997048
1.000500
1.003771
1.006133
1.007626
1.008677
1.009502
1.009946
1.009805
1.009157
1.008263
1.007191
1.005593
1.002955
0.999164
0.994813
0.990978
0.988748
0.988851
0.991417
0.995765
1.000470
0.998191
1.001643
1.004475
1.005514
1.004823
1.003449
1.002364
1.001644
1.000655
0.998904
0.996567
0.994359
0.993050
0.993086
0.994476
0.996836
0.999571
1.002138
1.004184
1.005466
1.005741
1.004851
1.002966
1.000674
0.998793
0.998028
0.998703
1.000630
1.003176
1.005579
1.007221
1.007810
1.007460
1.006708
1.006304
1.006614
1.007231
1.007218
1.005912
1.003412
1.000357
0.997390
0.994908
0.993124
0.992127
0.991955
0.992772
0.994872
0.998209
1.001919
1.004617
1.005455
1.004818
1.003936
1.003734
1.004235
1.004969
1.005646
1.006244
1.006662
1.006574
1.005762
1.004328
1.002556
1.000740
0.999176
0.998144
0.997692
0.997495
0.997053
0.996152
0.995041
0.994091
0.993517
0.993419
0.993958
0.995222
0.997016
0.998933
1.000647
1.002071
1.003263
1.004222
1.004825
1.004918
1.004379
1.003180
1.001514
0.999796
0.998414
0.997451
0.996733
0.996155
0.995965
0.996550
0.998021
1.000075
1.002302
1.004539
1.006743
1.008641
1.009656
1.009329
1.007643
1.004966
1.001740
0.998389
0.995500
0.993823
0.993914
0.995682
0.998371
1.000965
1.002686
1.003217
1.002847
1.002435
1.002813
1.003957
1.004924
1.004723
1.003239
1.001267
0.999746
0.999058
0.998971
0.999082
0.999258
0.999544
0.999773
0.999448
0.998236
0.996487
0.995167
0.995254
0.997050
1.000010
1.003137
1.005647
1.007326
1.008390
1.009061
1.009389
1.009318
1.008855
1.008073
1.006867
1.004837
1.001582
0.997221
0.992569
0.988742
0.986635
0.986840
0.989595
0.994487
1.000191
0.998145
1.002321
1.005651
1.006798
1.005814
1.003932
1.002421
1.001609
1.000951
0.999771
0.997915
0.995776
0.994057
0.993383
0.994047
0.995851
0.998259
1.000728
1.002880
1.004397
1.004910
1.004177
1.002384
1.000231
0.998652
0.998347
0.999452
1.001539
1.003864
1.005794
1.007003
1.007425
1.007169
1.006541
1.005954
1.005609
1.005226
1.004272
1.002504
1.000196
0.997811
0.995647
0.993848
0.992591
0.992090
0.992503
0.993959
0.996561
1.000039
1.003482
1.005678
1.006013
1.004991
1.003776
1.003180
1.003180
1.003351
1.003541
1.003892
1.004325
1.004353
1.003523
1.001855
0.999763
0.997719
0.996055
0.994965
0.994458
0.994290
0.994161
0.994023
0.994145
0.994781
0.995848
0.997015
0.997958
0.998540
0.998829
0.999091
0.999695
1.000860
1.002462
1.004070
1.005185
1.005440
1.004670
1.002960
1.000714
0.998558
0.997031
0.996247
0.995988
0.996045
0.996499
0.997604
0.999379
1.001481
1.003539
1.005461
1.007325
1.008998
1.010029
1.009952
1.008639
1.006279
1.003232
0.999967
0.997093
0.995253
0.994863
0.995835
0.997601
0.999388
1.000478
1.000463
0.999554
0.998671
0.998797
1.000025
1.001391
1.001796
1.001028
0.999845
0.999189
0.999383
0.999980
1.000352
1.000339
1.000221
1.000139
0.999795
0.998843
0.997422
0.996228
0.996062
0.997298
0.999658
1.002379
1.004688
1.006166
1.006862
1.007121
1.007255
1.007335
1.007226
1.006717
1.005540
1.003357
0.999990
0.995786
0.991627
0.988433
0.986782
0.987044
0.989544
0.994174
0.999903
0.999464
1.003866
1.007204
1.008170
1.006872
1.004638
1.002867
1.002018
1.001626
1.000953
0.999608
0.997715
0.995798
0.994515
0.994333
0.995305
0.997081
0.999186
1.001196
1.002685
1.003237
1.002662
1.001220
0.999623
0.998716
0.999036
1.000523
1.002616
1.004594
1.005995
1.006758
1.007012
1.006869
1.006380
1.005611
1.004574
1.003137
1.001203
0.998949
0.996799
0.995060
0.993719
0.992692
0.992060
0.992070
0.992927
0.994744
0.997511
1.000872
1.003959
1.005713
1.005619
1.004155
1.002403
1.001179
1.000562
1.000267
1.000236
1.000629
1.001243
1.001379
1.000428
0.998474
0.996207
0.994319
0.993107
0.992526
0.992386
0.992477
0.992709
0.993245
0.994405
0.996291
0.998568
1.000571
1.001683
1.001667
1.000796
0.999761
0.999304
0.999814
1.001147
1.002742
1.003925
1.004141
1.003105
1.000969
0.998360
0.996118
0.994829
0.994572
0.995067
0.996040
0.997438
0.999296
1.001463
1.003536
1.005170
1.006377
1.007389
1.008290
1.008858
1.008754
1.007786
1.005983
1.003571
1.000963
0.998669
0.997131
0.996522
0.996708
0.997324
0.997931
0.998053
0.997350
0.995959
0.994712
0.994569
0.995677
0.997169
0.998033
0.998075
0.997977
0.998520
0.999758
1.000943
1.001272
1.000704
0.999897
0.999392
0.999079
0.998513
0.997583
0.996690
0.996452
0.997272
0.999094
1.001370
1.003349
1.004462
1.004665
1.004415
1.004265
1.004392
1.004526
1.004230
1.003139
1.001080
0.998144
0.994829
0.991866
0.989789
0.988781
0.989002
0.990805
0.994376
0.999100
1.001314
1.005452
1.008410
1.009035
1.007507
1.005131
1.003267
1.002412
1.002174
1.001841
1.000928
0.999386
0.997530
0.995905
0.995031
0.995166
0.996221
0.997847
0.999558
1.000806
1.001177
1.000633
0.999559
0.998608
0.998413
0.999279
1.001008
1.003008
1.004621
1.005538
1.005875
1.005917
1.005800
1.005403
1.004526
1.003020
1.000886
0.998374
0.995982
0.994199
0.993157
0.992616
0.992289
0.992170
0.992466
0.993371
0.994998
0.997347
1.000156
1.002748
1.004197
1.003905
1.002092
0.999686
0.997641
0.996390
0.995931
0.996219
0.997178
0.998290
0.998604
0.997489
0.995295
0.993068
0.991683
0.991304
0.991545
0.991937
0.992272
0.992679
0.993570
0.995312
0.997872
1.000717
1.003047
1.004179
1.003887
1.002539
1.000900
0.999719
0.999405
0.999910
1.000853
1.001621
1.001534
1.000145
0.997622
0.994810
0.992731
0.991963
0.992451
0.993806
0.995715
0.998030
1.000623
1.003206
1.005339
1.006695
1.007305
1.007461
1.007402
1.007140
1.006559
1.005558
1.004131
1.002422
1.000720
0.999332
0.998418
0.997885
0.997511
0.997126
0.996638
0.995888
0.994659
0.993037
0.991671
0.991383
0.992335
0.993822
0.995011
0.995754
0.996612
0.998101
0.999973
1.001250
1.001124
0.999810
0.998391
0.997725
0.997731
0.997758
0.997404
0.996835
0.996568
0.997072
0.998469
1.000400
1.002126
1.002966
1.002758
1.001986
1.001357
1.001177
1.001180
1.000851
0.999852
0.998171
0.996116
0.994170
0.992738
0.991897
0.991490
0.991536
0.992413
0.994489
0.997594
1.002227
1.005795
1.008293
1.008742
1.007292
1.005061
1.003258
1.002399
1.002204
1.002068
1.001509
1.000369
0.998797
0.997160
0.995931
0.995506
0.996006
0.997221
0.998594
0.999458
0.999450
0.998719
0.997806
0.997278
0.997525
0.998654
1.000413
1.002231
1.003514
1.004011
1.003931
1.003667
1.003416
1.003018
1.002131
1.000524
0.998286
0.995872
0.993910
0.992829
0.992566
0.992696
0.992841
0.992940
0.993171
0.993718
0.994677
0.996125
0.998030
1.000035
1.001375
1.001253
0.999454
0.996613
0.993850
0.992097
0.991741
0.992713
0.994539
0.996252
0.996718
0.995466
0.993210
0.991312
0.990696
0.991289
0.992332
0.993072
0.993318
0.993483
0.994260
0.996071
0.998749
1.001656
1.003986
1.005149
1.004988
1.003836
1.002294
1.000881
0.999894
0.999437
0.999414
0.999423
0.998761
0.996874
0.993954
0.991023
0.989253
0.989160
0.990483
0.992661
0.995296
0.998188
1.001178
1.003984
1.006235
1.007623
1.008074
1.007762
1.006926
1.005759
1.004398
1.002957
1.001562
1.000327
0.999393
0.998832
0.998513
0.998110
0.997350
0.996231
0.994970
0.993696
0.992329
0.990880
0.989791
0.989700
0.990744
0.992349
0.993800
0.994963
0.996264
0.998012
0.999792
1.000626
0.999888
0.998092
0.996568
0.996251
0.996896
0.997568
0.997637
0.997199
0.996814
0.997062
0.998208
0.999981
1.001647
1.002396
1.001908
1.000591
0.999212
0.998266
0.997676
0.997050
0.996137
0.995032
0.994084
0.993594
0.993550
0.993644
0.993558
0.993317
0.993335
0.994058
0.995618
1.001291
1.004220
1.006474
1.007144
1.006187
1.004391
1.002752
1.001844
1.001601
1.001594
1.001372
1.000710
0.999599
0.998252
0.997056
0.996458
0.996725
0.997716
0.998816
0.999281
0.998798
0.997717
0.996697
0.996222
0.996490
0.997491
0.998984
1.000482
1.001433
1.001600
1.001189
1.000627
1.000177
0.999723
0.998927
0.997550
0.995722
0.993964
0.992866
0.992682
0.993139
0.993681
0.993928
0.993897
0.993821
0.993861
0.994074
0.994553
0.995517
0.996978
0.998403
0.998840
0.997584
0.994860
0.991812
0.989799
0.989603
0.991143
0.993578
0.995590
0.996016
0.994686
0.992635
0.991353
0.991654
0.993154
0.994722
0.995386
0.995022
0.994406
0.994567
0.996011
0.998459
1.001184
1.003445
1.004770
1.005051
1.004534
1.003572
1.002403
1.001174
1.000051
0.999180
0.998364
0.996998
0.994555
0.991292
0.988338
0.986917
0.987468
0.989524
0.992324
0.995345
0.998368
1.001272
1.003956
1.006226
1.007811
1.008460
1.008094
1.006848
1.005005
1.002925
1.000964
0.999409
0.998384
0.997878
0.997746
0.997650
0.997151
0.995983
0.994299
0.992566
0.991134
0.990009
0.989122
0.988712
0.989226
0.990747
0.992722
0.994452
0.995735
0.996895
0.998184
0.999274
0.999431
0.998342
0.996697
0.995778
0.996268
0.997593
0.998581
0.998578
0.997855
0.997191
0.997300
0.998464
1.000365
1.002180
1.002973
1.002269
1.000358
0.998043
0.996040
0.994583
0.993529
0.992727
0.992266
0.992367
0.993038
0.993879
0.994346
0.994160
0.993544
0.993004
0.992977
0.993633
0.999029
1.001403
1.003658
1.004844
1.004598
1.003320
1.001827
1.000792
1.000426
1.000510
1.000657
1.000569
1.000095
0.999298
0.998455
0.998013
0.998310
0.999245
1.000197
1.000390
0.999562
0.998158
0.996887
0.996172
0.996104
0.996634
0.997595
0.998611
0.999219
0.999182
0.998646
0.997980
0.997457
0.997022
0.996397
0.995381
0.994150
0.993205
0.993022
0.993611
0.994491
0.995033
0.994975
0.994547
0.994134
0.993889
0.993714
0.993619
0.993938
0.995032
0.996671
0.997886
0.997602
0.995589
0.992817
0.990813
0.990631
0.992234
0.994607
0.996348
0.996483
0.995141
0.993522
0.993022
0.994199
0.996357
0.998068
0.998199
0.996759
0.994925
0.994109
0.994930
0.997024
0.999567
1.001841
1.003444
1.004303
1.004575
1.004424
1.003859
1.002866
1.001583
1.000235
0.998800
0.996859
0.994043
0.990666
0.987821
0.986664
0.987560
0.989965
0.993010
0.996080
0.998903
1.001431
1.003733
1.005825
1.007484
1.008315
1.008035
1.006673
1.004547
1.002153
1.000000
0.998433
0.997547
0.997189
0.997054
0.996728
0.995793
0.994092
0.991959
0.990003
0.988674
0.988006
0.987827
0.988225
0.989501
0.991680
0.994179
0.996222
0.997476
0.998181
0.998656
0.998853
0.998469
0.997511
0.996668
0.996870
0.998291
0.999963
1.000609
0.999809
0.998275
0.997165
0.997301
0.998811
1.001145
1.003296
1.004218
1.003341
1.000879
0.997687
0.994699
0.992469
0.991088
0.990454
0.990565
0.991431
0.992756
0.993857
0.994105
0.993426
0.992355
0.991582
0.991488
0.992050
0.996973
0.998908
1.001181
1.002761
1.003020
1.002064
1.000574
0.999335
0.998784
0.998898
0.999392
0.999935
1.000247
1.000186
0.999883
0.999730
1.000115
1.001034
1.001945
1.002136
1.001321
0.999887
0.998459
0.997438
0.996904
0.996855
0.997203
0.997700
0.997998
0.997901
0.997471
0.996974
0.996614
0.996349
0.995929
0.995203
0.994396
0.994024
0.994419
0.995377
0.996216
0.996312
0.995616
0.994670
0.994078
0.993967
0.993989
0.993901
0.994020
0.994967
0.996844
0.998804
0.999585
0.998586
0.996469
0.994673
0.994310
0.995444
0.997126
0.998146
0.997833
0.996548
0.995433
0.995632
0.997406
0.999833
1.001305
1.000613
0.997928
0.994790
0.992951
0.993160
0.994972
0.997452
0.999836
1.001743
1.003126
1.004120
1.004781
1.004977
1.004525
1.003443
1.001951
1.000172
0.997969
0.995169
0.992047
0.989464
0.988379
0.989153
0.991344
0.994186
0.997064
0.999657
1.001872
1.003811
1.005566
1.006970
1.007622
1.007229
1.005830
1.003794
1.001627
0.999816
0.998649
0.998085
0.997819
0.997457
0.996619
0.995057
0.992841
0.990450
0.988540
0.987503
0.987268
0.987599
0.988488
0.990218
0.992834
0.995767
0.998140
0.999443
0.999778
0.999543
0.999028
0.998399
0.997939
0.998197
0.999590
1.001690
1.003181
1.002823
1.000615
0.997873
0.996193
0.996454
0.998505
1.001457
1.004077
1.005234
1.004323
1.001544
0.997817
0.994269
0.991684
0.990271
0.989909
0.990456
0.991735
0.993218
0.994070
0.993680
0.992234
0.990638
0.989820
0.990095
0.991098
0.996296
0.997888
0.999944
1.001452
1.001701
1.000699
0.999080
0.997639
0.996893
0.996947
0.997645
0.998718
0.999792
1.000506
1.000762
1.000847
1.001203
1.002003
1.002927
1.003385
1.003029
1.002003
1.000734
0.999576
0.998716
0.998248
0.998166
0.998293
0.998405
0.998363
0.998199
0.998059
0.998059
0.998094
0.997867
0.997236
0.996511
0.996242
0.996697
0.997510
0.997879
0.997231
0.995765
0.994347
0.993794
0.994179
0.994842
0.995204
0.995478
0.996438
0.998464
1.000913
1.002504
1.002410
1.000994
0.999448
0.998817
0.999259
1.000055
1.000295
0.999588
0.998366
0.997616
0.998177
1.000088
1.002336
1.003280
1.001759
0.998094
0.994037
0.991520
0.991356
0.993058
0.995600
0.998126
1.000243
1.001951
1.003432
1.004732
1.005607
1.005703
1.004865
1.003290
1.001298
0.999081
0.996652
0.994118
0.991942
0.990807
0.991103
0.992668
0.995022
0.997672
1.000237
1.002473
1.004291
1.005678
1.006490
1.006497
1.005631
1.004122
1.002395
1.000880
0.999905
0.999550
0.999572
0.999517
0.998949
0.997619
0.995540
0.993039
0.990701
0.989090
0.988402
0.988403
0.988784
0.989584
0.991172
0.993742
0.996838
0.999543
1.001116
1.001422
1.000831
0.999917
0.999254
0.999342
1.000537
1.002773
1.005105
1.005989
1.004322
1.000557
0.996551
0.994266
0.994588
0.997105
1.000620
1.003752
1.005304
1.004624
1.001896
0.998117
0.994571
0.992157
0.991084
0.991125
0.992020
0.993460
0.994807
0.995152
0.993974
0.991711
0.989578
0.988748
0.989479
0.991026
0.996966
0.998288
0.999878
1.000847
1.000640
0.999358
0.997606
0.996082
0.995224
0.995153
0.995838
0.997133
0.998663
0.999915
1.000572
1.000774
1.000984
1.001558
1.002453
1.003275
1.003629
1.003362
1.002596
1.001608
1.000698
1.000111
0.999895
0.999918
1.000022
1.000152
1.000353
1.000697
1.001184
1.001574
1.001476
1.000727
0.999716
0.999081
0.999094
0.999338
0.999006
0.997620
0.995562
0.993901
0.993569
0.994547
0.995917
0.996823
0.997351
0.998337
1.000357
1.002935
1.004880
1.005314
1.004384
1.003052
1.002246
1.002196
1.002408
1.002197
1.001291
1.000082
0.999363
0.999787
1.001314
1.002977
1.003290
1.001233
0.997201
0.992937
0.990304
0.990084
0.991813
0.994443
0.997064
0.999239
1.001010
1.002661
1.004290
1.005582
1.005996
1.005201
1.003369
1.001068
0.998846
0.996889
0.995101
0.993495
0.992423
0.992301
0.993284
0.995208
0.997771
1.000552
1.003103
1.005038
1.006097
1.006123
1.005157
1.003545
1.001826
1.000498
0.999843
0.999923
1.000539
1.001241
1.001469
1.000832
0.999269
0.997033
0.994622
0.992622
0.991424
0.990987
0.990945
0.990985
0.991229
0.992201
0.994306
0.997299
1.000290
1.002321
1.002931
1.002330
1.001244
1.000546
1.000900
1.002544
1.005057
1.007214
1.007390
1.004654
0.999755
0.994834
0.992034
0.992240
0.994918
0.998775
1.002368
1.004439
1.004239
1.001899
0.998464
0.995340
0.993483
0.993026
0.993612
0.994865
0.996400
0.997535
0.997404
0.995605
0.992743
0.990248
0.989415
0.990430
0.992244
0.998139
0.999290
1.000352
1.000659
0.999938
0.998426
0.996693
0.995266
0.994433
0.994244
0.994720
0.995821
0.997278
0.998588
0.999341
0.999559
0.999631
0.999967
1.000726
1.001750
1.002692
1.003217
1.003148
1.002591
1.001901
1.001437
1.001319
1.001449
1.001719
1.002164
1.002870
1.003857
1.004950
1.005720
1.005656
1.004599
1.003024
1.001661
1.000865
1.000313
0.999320
0.997523
0.995339
0.993814
0.993809
0.995192
0.996945
0.998124
0.998748
0.999643
1.001440
1.003797
1.005665
1.006233
1.005572
1.004482
1.003789
1.003745
1.003939
1.003720
1.002786
1.001427
1.000339
1.000137
1.000852
1.001724
1.001506
0.999369
0.995679
0.991915
0.989640
0.989535
0.991239
0.993838
0.996438
0.998539
1.000177
1.001720
1.003358
1.004762
1.005240
1.004280
1.002027
0.999252
0.996854
0.995223
0.994142
0.993272
0.992644
0.992603
0.993458
0.995278
0.997896
1.000914
1.003770
1.005827
1.006561
1.005774
1.003789
1.001395
0.999474
0.998571
0.998769
0.999798
1.001185
1.002341
1.002737
1.002143
1.000682
0.998724
0.996754
0.995237
0.994383
0.994033
0.993784
0.993376
0.993003
0.993274
0.994769
0.997481
1.000637
1.003130
1.004174
1.003739
1.002551
1.001645
1.001838
1.003331
1.005590
1.007358
1.007106
1.004021
0.998852
0.993655
0.990534
0.990441
0.992982
0.996950
1.000913
1.003513
1.003852
1.001984
0.999002
0.996416
0.995204
0.995431
0.996624
0.998290
0.999961
1.000984
1.000613
0.998603
0.995646
0.993172
0.992421
0.993473
0.995116
0.999176
1.000197
1.000874
1.000782
0.999859
0.998414
0.996897
0.995689
0.994978
0.994743
0.994935
0.995532
0.996396
0.997220
0.997712
0.997852
0.997870
0.998045
0.998551
0.999429
1.000546
1.001585
1.002184
1.002220
1.001929
1.001712
1.001777
1.002105
1.002648
1.003526
1.004884
1.006659
1.008463
1.009615
1.009505
1.008014
1.005720
1.003446
1.001680
1.000308
0.998883
0.997153
0.995423
0.994457
0.994835
0.996315
0.997962
0.998971
0.999400
1.000004
1.001369
1.003238
1.004748
1.005245
1.004806
1.004136
1.003941
1.004398
1.005027
1.005083
1.004133
1.002411
1.000622
0.999488
0.999237
0.999359
0.998884
0.997122
0.994283
0.991416
0.989648
0.989541
0.990945
0.993251
0.995696
0.997703
0.999197
1.000534
1.001999
1.003316
1.003735
1.002597
0.999970
0.996733
0.994051
0.992549
0.992055
0.992035
0.992259
0.992880
0.994145
0.996135
0.998747
1.001694
1.004464
1.006356
1.006682
1.005198
1.002422
0.999492
0.997525
0.997064
0.997943
0.999575
1.001262
1.002423
1.002732
1.002226
1.001159
0.999838
0.998536
0.997487
0.996820
0.996411
0.995972
0.995311
0.994601
0.994410
0.995389
0.997723
1.000821
1.003554
1.004921
1.004637
1.003316
1.002044
1.001717
1.002609
1.004279
1.005684
1.005538
1.003034
0.998588
0.993823
0.990656
0.990227
0.992488
0.996457
1.000687
1.003663
1.004350
1.002765
1.000065
0.997820
0.997030
0.997741
0.999424
1.001455
1.003281
1.004301
1.003979
1.002248
0.999782
0.997808
0.997325
0.998256
0.999388
0.999993
1.000790
1.001236
1.001112
1.000437
0.999399
0.998256
0.997302
0.996741
0.996541
0.996526
0.996570
0.996620
0.996634
0.996570
0.996490
0.996467
0.996529
0.996700
0.997120
0.997963
0.999145
1.000275
1.000970
1.001213
1.001322
1.001597
1.002128
1.002949
1.004235
1.006182
1.008663
1.011074
1.012526
1.012311
1.010379
1.007383
1.004231
1.001553
0.999499
0.997911
0.996649
0.995824
0.995748
0.996566
0.997914
0.999073
0.999566
0.999561
0.999727
1.000535
1.001803
1.002885
1.003310
1.003203
1.003148
1.003693
1.004863
1.006037
1.006347
1.005282
1.003066
1.000511
0.998486
0.997426
0.997054
0.996623
0.995497
0.993667
0.991700
0.990269
0.989829
0.990557
0.992295
0.994520
0.996574
0.998134
0.999395
1.000669
1.001829
1.002186
1.001030
0.998319
0.994924
0.992121
0.990735
0.990714
0.991511
0.992719
0.994252
0.996131
0.998284
1.000598
1.002949
1.005060
1.006357
1.006150
1.004169
1.001019
0.997968
0.996210
0.996181
0.997467
0.999234
1.000699
1.001438
1.001476
1.001123
1.000692
1.000242
0.999671
0.998980
0.998307
0.997735
0.997179
0.996494
0.995761
0.995415
0.996055
0.997974
1.000761
1.003389
1.004793
1.004526
1.003055
1.001394
1.000458
1.000603
1.001620
1.002859
1.003355
1.002203
0.999259
0.995494
0.992584
0.991940
0.993959
0.997916
1.002285
1.005384
1.006105
1.004514
1.001817
0.999579
0.998793
0.999551
1.001350
1.003508
1.005371
1.006406
1.006315
1.005187
1.003617
1.002502
1.002485
1.003331
1.003947
1.000710
1.001015
1.001177
1.001184
1.001033
1.000648
1.000021
0.999360
0.998959
0.998871
0.998830
0.998553
0.997970
0.997206
0.996486
0.996022
0.995844
0.995754
0.995565
0.995425
0.995771
0.996840
0.998348
0.999720
1.000616
1.001168
1.001711
1.002435
1.003428
1.004885
1.007022
1.009718
1.012299
1.013769
1.013392
1.011144
1.007675
1.003906
1.000563
0.998048
0.996486
0.995857
0.996083
0.997005
0.998290
0.999450
1.000042
0.999955
0.999519
0.999269
0.999577
1.000325
1.001084
1.001553
1.001869
1.002468
1.003687
1.005389
1.006876
1.007247
1.006012
1.003444
1.000400
0.997845
0.996336
0.995763
0.995515
0.994992
0.993992
0.992663
0.991282
0.990253
0.990097
0.991176
0.993274
0.995642
0.997586
0.998972
1.000074
1.000967
1.001200
1.000164
0.997761
0.994730
0.992268
0.991224
0.991649
0.993046
0.994945
0.997115
0.999357
1.001415
1.003109
1.004464
1.005487
1.005854
1.005014
1.002737
0.999613
0.996860
0.995527
0.995854
0.997228
0.998698
0.999557
0.999684
0.999481
0.999485
0.999907
1.000426
1.000533
1.000035
0.999168
0.998293
0.997550
0.996864
0.996215
0.995874
0.996325
0.997843
1.000147
1.002384
1.003565
1.003198
1.001613
0.999712
0.998322
0.997858
0.998387
0.999696
1.001136
1.001659
1.000515
0.998011
0.995602
0.994956
0.996862
1.000772
1.005099
1.008078
1.008635
1.006919
1.004103
1.001616
1.000387
1.000627
1.001995
1.003875
1.005566
1.006559
1.006700
1.006204
1.005565
1.005367
1.005925
1.006870
1.007290
1.001253
1.000706
1.000295
1.000276
1.000615
1.000972
1.001012
1.000781
1.000633
1.000740
1.000870
1.000625
0.999822
0.998604
0.997332
0.996397
0.995913
0.995603
0.995122
0.994555
0.994460
0.995340
0.997086
0.999054
1.000652
1.001770
1.002681
1.003595
1.004597
1.005827
1.007531
1.009693
1.011774
1.012885
1.012323
1.010008
1.006462
1.002491
0.998848
0.996105
0.994624
0.994525
0.995603
0.997333
0.999018
1.000078
1.000304
0.999891
0.999257
0.998825
0.998851
0.999289
0.999897
1.000501
1.001209
1.002295
1.003905
1.005789
1.007255
1.007535
1.006253
1.003707
1.000682
0.998065
0.996429
0.995776
0.995633
0.995459
0.994937
0.993922
0.992435
0.990848
0.989992
0.990653
0.992881
0.995808
0.998311
0.999858
1.000629
1.000957
1.000799
0.999845
0.998042
0.995933
0.994408
0.994098
0.995000
0.996658
0.998668
1.000815
1.002891
1.004553
1.005546
1.005913
1.005827
1.005209
1.003727
1.001269
0.998405
0.996167
0.995339
0.995899
0.997091
0.997981
0.998081
0.997642
0.997401
0.997993
0.999379
1.000836
1.001509
1.001075
0.999903
0.998583
0.997469
0.996586
0.995902
0.995569
0.995888
0.997048
0.998829
1.000577
1.001485
1.001069
0.999537
0.997611
0.996021
0.995216
0.995505
0.997037
0.999393
1.001390
1.001798
1.000453
0.998640
0.998163
1.000033
1.003778
1.007858
1.010587
1.011045
1.009399
1.006622
1.003837
1.001855
1.001070
1.001481
1.002689
1.004033
1.004942
1.005248
1.005185
1.005176
1.005616
1.006614
1.007778
1.008377
1.001359
0.999704
0.998398
0.998015
0.998597
0.999615
1.000432
1.000837
1.001106
1.001498
1.001905
1.001922
1.001258
0.999935
0.998337
0.996985
0.996149
0.995625
0.995017
0.994302
0.994004
0.994717
0.996520
0.998862
1.001044
1.002761
1.004103
1.005191
1.006023
1.006670
1.007404
1.008428
1.009522
1.010052
1.009408
1.007374
1.004209
1.000478
0.996863
0.994056
0.992594
0.992724
0.994201
0.996326
0.998230
0.999315
0.999509
0.999152
0.998653
0.998310
0.998286
0.998601
0.999152
0.999866
1.000815
1.002163
1.003919
1.005764
1.007072
1.007274
1.006174
1.004051
1.001472
0.999109
0.997475
0.996704
0.996500
0.996426
0.996104
0.995228
0.993683
0.991867
0.990783
0.991464
0.994076
0.997595
1.000534
1.001994
1.002089
1.001436
1.000489
0.999407
0.998312
0.997513
0.997414
0.998185
0.999594
1.001185
1.002690
1.004121
1.005495
1.006579
1.007065
1.006868
1.006095
1.004777
1.002780
1.000192
0.997606
0.995876
0.995487
0.996175
0.997076
0.997343
0.996741
0.995882
0.995746
0.996926
0.999126
1.001307
1.002415
1.002078
1.000697
0.998962
0.997375
0.996116
0.995238
0.994820
0.994984
0.995774
0.997052
0.998405
0.999236
0.999046
0.997844
0.996147
0.994594
0.993708
0.993972
0.995731
0.998664
1.001518
1.002852
1.002288
1.000986
1.000729
1.002517
1.005928
1.009573
1.012055
1.012652
1.011472
1.009087
1.006181
1.003393
1.001354
1.000517
1.000856
1.001806
1.002672
1.003115
1.003250
1.003450
1.004042
1.005102
1.006345
1.007271
1.000813
0.998090
0.995788
0.994806
0.995358
0.996865
0.998454
0.999619
1.000423
1.001120
1.001731
1.001969
1.001511
1.000278
0.998587
0.997001
0.995937
0.995320
0.994805
0.994258
0.994026
0.994627
0.996280
0.998655
1.001136
1.003294
1.005001
1.006206
1.006770
1.006694
1.006315
1.006094
1.006192
1.006287
1.005829
1.004405
1.001947
0.998729
0.995326
0.992490
0.990904
0.990906
0.992294
0.994374
0.996292
0.997471
0.997884
0.997844
0.997680
0.997563
0.997587
0.997817
0.998262
0.998940
0.999952
1.001417
1.003262
1.005096
1.006338
1.006597
1.005852
1.004332
1.002345
1.000300
0.998671
0.997760
0.997500
0.997543
0.997436
0.996755
0.995348
0.993663
0.992764
0.993735
0.996713
1.000557
1.003531
1.004552
1.003700
1.001840
0.999890
0.998498
0.998024
0.998581
1.000040
1.002002
1.003890
1.005203
1.005849
1.006143
1.006470
1.006877
1.007091
1.006823
1.005954
1.004439
1.002248
0.999643
0.997293
0.995946
0.995895
0.996689
0.997396
0.997231
0.996163
0.995003
0.994850
0.996241
0.998745
1.001250
1.002703
1.002681
1.001447
0.999593
0.997671
0.996051
0.994939
0.994374
0.994296
0.994648
0.995425
0.996528
0.997549
0.997919
0.997370
0.996169
0.994893
0.994144
0.994498
0.996314
0.999283
1.002210
1.003728
1.003478
1.002499
1.002386
1.003980
1.006884
1.009967
1.012214
1.013143
1.012732
1.011087
1.008384
1.005070
1.001978
1.000014
0.999548
1.000169
1.001064
1.001646
1.001855
1.001978
1.002312
1.002991
1.003958
1.005027
0.999631
0.996207
0.993156
0.991626
0.992044
0.993876
0.996119
0.997980
0.999252
1.000090
1.000634
1.000795
1.000365
0.999239
0.997652
0.996114
0.995073
0.994574
0.994359
0.994224
0.994266
0.994824
0.996172
0.998244
1.000635
1.002908
1.004779
1.006014
1.006344
1.005718
1.004530
1.003478
1.003021
1.003057
1.003037
1.002335
1.000587
0.997856
0.994636
0.991720
0.989870
0.989502
0.990493
0.992264
0.994032
0.995266
0.995889
0.996164
0.996320
0.996429
0.996513
0.996629
0.996872
0.997376
0.998315
0.999812
1.001747
1.003648
1.004944
1.005351
1.004969
1.003990
1.002503
1.000728
0.999143
0.998246
0.998195
0.998674
0.999077
0.998831
0.997756
0.996352
0.995696
0.996811
0.999774
1.003413
1.005987
1.006387
1.004712
1.001940
0.999245
0.997583
0.997512
0.999052
1.001695
1.004578
1.006817
1.007840
1.007669
1.006850
1.006076
1.005704
1.005606
1.005427
1.004857
1.003654
1.001749
0.999423
0.997378
0.996346
0.996551
0.997478
0.998186
0.997918
0.996685
0.995311
0.994854
0.995837
0.997940
1.000298
1.002029
1.002624
1.002013
1.000482
0.998541
0.996749
0.995499
0.994809
0.994455
0.994323
0.994597
0.995496
0.996811
0.997899
0.998202
0.997738
0.996984
0.996547
0.996964
0.998529
1.000966
1.003296
1.004448
1.004181
1.003378
1.003303
1.004575
1.006833
1.009234
1.011137
1.012320
1.012675
1.011931
1.009820
1.006566
1.003071
1.000506
0.999541
0.999935
1.000840
1.001529
1.001786
1.001776
1.001720
1.001780
1.002133
1.002967
0.998030
0.994451
0.991122
0.989359
0.989762
0.991888
0.994643
0.996999
0.998476
0.999119
0.999198
0.998911
0.998259
0.997205
0.995886
0.994674
0.993931
0.993747
0.993961
0.994344
0.994786
0.995389
0.996406
0.997958
0.999898
1.001905
1.003664
1.004854
1.005133
1.004368
1.002953
1.001682
1.001174
1.001422
1.001805
1.001559
1.000194
0.997700
0.994554
0.991532
0.989404
0.988621
0.989156
0.990529
0.992036
0.993132
0.993724
0.994078
0.994427
0.994777
0.995023
0.995141
0.995254
0.995592
0.996411
0.997835
0.999713
1.001559
1.002827
1.003330
1.003215
1.002600
1.001453
0.999902
0.998484
0.997881
0.998396
0.999679
1.000920
1.001324
1.000645
0.999420
0.998743
0.999570
1.001978
1.004904
1.006806
1.006732
1.004805
1.001924
0.999184
0.997547
0.997616
0.999445
1.002456
1.005645
1.007987
1.008851
1.008243
1.006739
1.005097
1.003862
1.003148
1.002796
1.002529
1.001985
1.000863
0.999248
0.997728
0.997025
0.997391
0.998386
0.999155
0.999011
0.997897
0.996432
0.995481
0.995598
0.996786
0.998632
1.000552
1.001913
1.002233
1.001377
0.999731
0.998016
0.996799
0.996108
0.995592
0.995075
0.994897
0.995536
0.996987
0.998614
0.999715
1.000084
1.000003
0.999925
1.000250
1.001237
1.002753
1.004188
1.004845
1.004551
1.003918
1.003822
1.004667
1.006146
1.007690
1.008986
1.010074
1.010895
1.010996
1.009812
1.007318
1.004302
1.001915
1.000899
1.001146
1.001932
1.002584
1.002862
1.002823
1.002516
1.002018
1.001644
1.001924
0.996322
0.993050
0.989939
0.988354
0.989012
0.991527
0.994723
0.997364
0.998731
0.998820
0.998101
0.997105
0.996094
0.995086
0.994123
0.993393
0.993101
0.993315
0.993954
0.994827
0.995708
0.996485
0.997274
0.998270
0.999534
1.000960
1.002376
1.003506
1.003970
1.003512
1.002391
1.001339
1.000983
1.001329
1.001751
1.001482
1.000075
0.997588
0.994501
0.991499
0.989242
0.988158
0.988293
0.989254
0.990365
0.991073
0.991330
0.991521
0.991989
0.992703
0.993378
0.993816
0.994083
0.994442
0.995173
0.996383
0.997913
0.999362
1.000356
1.000814
1.000848
1.000459
0.999513
0.998146
0.996990
0.996843
0.998078
1.000276
1.002411
1.003459
1.003079
1.001841
1.000866
1.001093
1.002618
1.004588
1.005813
1.005624
1.004162
1.002069
1.000060
0.998782
0.998741
1.000123
1.002601
1.005376
1.007511
1.008356
1.007778
1.006148
1.004052
1.002017
1.000419
0.999501
0.999306
0.999486
0.999459
0.998919
0.998159
0.997793
0.998144
0.998941
0.999572
0.999527
0.998694
0.997376
0.996108
0.995408
0.995616
0.996805
0.998698
1.000643
1.001821
1.001742
1.000614
0.999221
0.998260
0.997793
0.997361
0.996717
0.996234
0.996539
0.997809
0.999565
1.001131
1.002166
1.002679
1.002826
1.002841
1.003030
1.003563
1.004260
1.004707
1.004675
1.004375
1.004266
1.004598
1.005179
1.005674
1.006056
1.006611
1.007458
1.008166
1.008061
1.006888
1.005137
1.003658
1.003032
1.003208
1.003704
1.004110
1.004345
1.004391
1.004081
1.003290
1.002337
1.001981
0.994867
0.992190
0.989633
0.988556
0.989704
0.992701
0.996308
0.999076
1.000121
0.999465
0.997851
0.996126
0.994757
0.993779
0.993128
0.992825
0.992923
0.993441
0.994378
0.995651
0.996996
0.998111
0.998871
0.999402
0.999927
1.000625
1.001590
1.002685
1.003493
1.003578
1.002952
1.002157
1.001763
1.001830
1.001843
1.001164
0.999507
0.997028
0.994179
0.991453
0.989302
0.988054
0.987812
0.988288
0.988870
0.989048
0.988864
0.988853
0.989482
0.990704
0.992049
0.993121
0.993854
0.994461
0.995175
0.996056
0.996976
0.997733
0.998228
0.998519
0.998634
0.998384
0.997541
0.996287
0.995357
0.995604
0.997393
1.000235
1.002966
1.004424
1.004190
1.002861
1.001583
1.001260
1.001985
1.003110
1.003846
1.003851
1.003285
1.002445
1.001522
1.000728
1.000398
1.000896
1.002299
1.004222
1.005962
1.006852
1.006577
1.005192
1.002991
1.000390
0.997943
0.996330
0.995991
0.996721
0.997734
0.998301
0.998338
0.998253
0.998376
0.998641
0.998794
0.998664
0.998190
0.997371
0.996308
0.995320
0.994888
0.995415
0.996930
0.998915
1.000502
1.001017
1.000508
0.999680
0.999252
0.999288
0.999258
0.998817
0.998271
0.998263
0.999098
1.000529
1.002074
1.003365
1.004144
1.004252
1.003781
1.003157
1.002904
1.003233
1.003902
1.004478
1.004717
1.004689
1.004514
1.004165
1.003530
1.002796
1.002473
1.002910
1.003874
1.004748
1.005110
1.005050
1.004929
1.004991
1.005170
1.005288
1.005341
1.005490
1.005705
1.005609
1.004842
1.003626
1.002791
0.994150
0.992159
0.990293
0.989827
0.991463
0.994856
0.998714
1.001479
1.002153
1.000829
0.998501
0.996261
0.994658
0.993681
0.993171
0.993051
0.993296
0.993920
0.995021
0.996644
0.998524
1.000145
1.001088
1.001317
1.001181
1.001182
1.001709
1.002760
1.003872
1.004415
1.004124
1.003320
1.002538
1.001971
1.001331
1.000193
0.998402
0.996157
0.993793
0.991588
0.989725
0.988394
0.987727
0.987608
0.987611
0.987349
0.986920
0.986915
0.987823
0.989573
0.991592
0.993332
0.994598
0.995506
0.996200
0.996693
0.996916
0.996899
0.996832
0.996916
0.997073
0.996920
0.996144
0.994994
0.994255
0.994747
0.996750
0.999761
1.002626
1.004200
1.004038
1.002732
1.001398
1.000843
1.001109
1.001684
1.002127
1.002397
1.002657
1.002872
1.002808
1.002328
1.001664
1.001327
1.001752
1.002928
1.004355
1.005339
1.005355
1.004214
1.002019
0.999110
0.996146
0.994038
0.993507
0.994480
0.996093
0.997387
0.997981
0.998055
0.997864
0.997484
0.997010
0.996680
0.996631
0.996649
0.996374
0.995727
0.995069
0.994936
0.995644
0.996988
0.998332
0.999051
0.999073
0.998957
0.999301
1.000083
1.000734
1.000828
1.000543
1.000412
1.000780
1.001606
1.002672
1.003709
1.004332
1.004163
1.003192
1.001933
1.001173
1.001390
1.002459
1.003759
1.004652
1.004841
1.004347
1.003236
1.001586
0.999740
0.998360
0.998026
0.998822
1.000339
1.002075
1.003688
1.004990
1.005819
1.006085
1.005919
1.005735
1.005925
1.006441
1.006718
1.006219
1.005056
1.004012
0.994564
0.993242
0.992010
0.991978
0.993793
0.997176
1.000949
1.003547
1.003937
1.002251
0.999595
0.997169
0.995498
0.994486
0.993926
0.993721
0.993870
0.994444
0.995657
0.997658
1.000154
1.002401
1.003673
1.003787
1.003197
1.002656
1.002793
1.003706
1.004894
1.005578
1.005290
1.004184
1.002792
1.001497
1.000278
0.998912
0.997288
0.995522
0.993810
0.992220
0.990707
0.989300
0.988170
0.987435
0.986965
0.986551
0.986281
0.986607
0.987907
0.990049
0.992470
0.994579
0.996113
0.997100
0.997615
0.997643
0.997181
0.996448
0.995858
0.995709
0.995852
0.995788
0.995207
0.994376
0.994021
0.994787
0.996791
0.999566
1.002171
1.003640
1.003581
1.002487
1.001341
1.000836
1.000942
1.001234
1.001498
1.001869
1.002477
1.003090
1.003284
1.002830
1.001956
1.001253
1.001310
1.002295
1.003769
1.004943
1.005119
1.003994
1.001686
0.998609
0.995485
0.993242
0.992588
0.993481
0.995102
0.996505
0.997246
0.997369
0.997003
0.996219
0.995317
0.994881
0.995295
0.996264
0.997035
0.997051
0.996373
0.995555
0.995157
0.995372
0.995899
0.996306
0.996537
0.997012
0.998136
0.999748
1.001221
1.002087
1.002391
1.002479
1.002595
1.002802
1.003136
1.003539
1.003708
1.003214
1.001949
1.000381
0.999330
0.999424
1.000670
1.002450
1.003936
1.004547
1.004091
1.002612
1.000261
0.997467
0.994994
0.993643
0.993861
0.995542
0.998174
1.001053
1.003478
1.004964
1.005426
1.005273
1.005216
1.005773
1.006794
1.007555
1.007422
1.006467
1.005401
0.996028
0.995244
0.994448
0.994513
0.996008
0.998825
1.002062
1.004341
1.004636
1.003004
1.000457
0.998120
0.996468
0.995390
0.994685
0.994297
0.994284
0.994799
0.996150
0.998547
1.001641
1.004491
1.006159
1.006361
1.005604
1.004756
1.004532
1.005112
1.006037
1.006524
1.005998
1.004501
1.002568
1.000735
0.999224
0.997942
0.996748
0.995606
0.994552
0.993514
0.992293
0.990803
0.989264
0.988046
0.987352
0.987149
0.987423
0.988349
0.990078
0.992418
0.994866
0.996900
0.998265
0.998963
0.999034
0.998442
0.997248
0.995805
0.994663
0.994160
0.994147
0.994180
0.994043
0.994001
0.994537
0.995906
0.997982
1.000362
1.002484
1.003720
1.003757
1.002935
1.002023
1.001606
1.001675
1.001876
1.002044
1.002300
1.002688
1.002966
1.002808
1.002155
1.001294
1.000784
1.001160
1.002570
1.004519
1.006068
1.006375
1.005130
1.002614
0.999443
0.996389
0.994247
0.993528
0.994098
0.995244
0.996232
0.996772
0.996905
0.996639
0.995911
0.995013
0.994669
0.995455
0.997120
0.998686
0.999223
0.998509
0.997055
0.995605
0.994620
0.994061
0.993724
0.993678
0.994337
0.995945
0.998180
1.000355
1.001995
1.003046
1.003642
1.003823
1.003641
1.003308
1.003040
1.002768
1.002151
1.000980
0.999503
0.998351
0.998156
0.999146
1.000961
1.002855
1.004059
1.004067
1.002687
1.000015
0.996526
0.993071
0.990644
0.990009
0.991359
0.994224
0.997664
1.000670
1.002575
1.003361
1.003620
1.004185
1.005493
1.007200
1.008450
1.008616
1.007831
1.006788
0.997849
0.997347
0.996769
0.996657
0.997458
0.999302
1.001696
1.003600
1.004030
1.002818
1.000670
0.998500
0.996804
0.995604
0.994798
0.994368
0.994356
0.994929
0.996445
0.999140
1.002639
1.005919
1.007963
1.008451
1.007826
1.006878
1.006276
1.006293
1.006660
1.006728
1.005918
1.004157
1.001944
0.999917
0.998452
0.997533
0.996927
0.996438
0.995953
0.995322
0.994281
0.992709
0.990904
0.989461
0.988855
0.989152
0.990180
0.991793
0.993893
0.996239
0.998410
1.000018
1.000890
1.001042
1.000479
0.999139
0.997124
0.994877
0.993006
0.991880
0.991451
0.991504
0.992042
0.993281
0.995287
0.997744
1.000165
1.002229
1.003798
1.004679
1.004692
1.003990
1.003141
1.002701
1.002785
1.003101
1.003365
1.003447
1.003249
1.002665
1.001740
1.000724
0.999980
0.999925
1.000923
1.003021
1.005666
1.007792
1.008449
1.007325
1.004830
1.001754
0.998896
0.996902
0.996057
0.996151
0.996612
0.996975
0.997187
0.997375
0.997456
0.997200
0.996703
0.996585
0.997475
0.999252
1.000980
1.001611
1.000771
0.998904
0.996812
0.994994
0.993496
0.992255
0.991566
0.991949
0.993593
0.996027
0.998508
1.000573
1.002143
1.003206
1.003631
1.003389
1.002756
1.002164
1.001786
1.001422
1.000766
0.999763
0.998717
0.998163
0.998563
1.000016
1.002089
1.003938
1.004678
1.003735
1.001058
0.997149
0.992966
0.989651
0.988141
0.988799
0.991230
0.994466
0.997444
0.999525
1.000757
1.001778
1.003302
1.005530
1.007908
1.009518
1.009836
1.009107
1.008069
0.999137
0.998607
0.998102
0.997797
0.997933
0.998803
1.000357
1.001957
1.002700
1.002089
1.000373
0.998235
0.996296
0.994884
0.994096
0.993884
0.994150
0.994953
0.996621
0.999426
1.003030
1.006471
1.008785
1.009633
1.009308
1.008356
1.007329
1.006631
1.006288
1.005875
1.004832
1.002987
1.000769
0.998854
0.997720
0.997362
0.997443
0.997590
0.997568
0.997185
0.996216
0.994597
0.992719
0.991335
0.991071
0.992005
0.993784
0.995980
0.998281
1.000411
1.002093
1.003116
1.003450
1.003102
1.002002
1.000010
0.997224
0.994121
0.991342
0.989292
0.988120
0.987988
0.989213
0.991925
0.995685
0.999525
1.002548
1.004474
1.005545
1.005992
1.005798
1.004989
1.003994
1.003441
1.003640
1.004356
1.005004
1.005035
1.004165
1.002516
1.000610
0.999058
0.998264
0.998449
0.999806
1.002347
1.005548
1.008357
1.009757
1.009347
1.007479
1.004920
1.002425
1.000532
0.999443
0.998986
0.998779
0.998609
0.998594
0.998928
0.999495
0.999913
0.999997
1.000087
1.000724
1.001972
1.003179
1.003475
1.002483
1.000565
0.998377
0.996297
0.994286
0.992361
0.991015
0.990947
0.992325
0.994572
0.996860
0.998748
1.000221
1.001307
1.001860
1.001787
1.001320
1.000926
1.000905
1.001155
1.001290
1.000993
1.000245
0.999408
0.999149
1.000037
1.002053
1.004403
1.005874
1.005483
1.002980
0.998914
0.994365
0.990544
0.988396
0.988289
0.989899
0.992413
0.994970
0.997085
0.998835
1.000696
1.003103
1.005994
1.008726
1.010467
1.010833
1.010153
1.009163
0.999436
0.998615
0.998138
0.997832
0.997677
0.997976
0.998991
1.000452
1.001543
1.001469
1.000029
0.997712
0.995342
0.993642
0.992950
0.993143
0.993902
0.995088
0.996939
0.999709
1.003153
1.006452
1.008806
1.009888
1.009796
1.008796
1.007304
1.005881
1.004849
1.004008
1.002814
1.001003
0.998922
0.997286
0.996617
0.996914
0.997702
0.998441
0.998774
0.998525
0.997577
0.995990
0.994247
0.993158
0.993363
0.994905
0.997278
0.999824
1.002050
1.003684
1.004644
1.005025
1.004970
1.004454
1.003220
1.000982
0.997762
0.994028
0.990393
0.987329
0.985236
0.984706
0.986353
0.990244
0.995476
1.000535
1.004188
1.006151
1.006919
1.007018
1.006567
1.005552
1.004336
1.003673
1.004088
1.005351
1.006536
1.006648
1.005204
1.002568
0.999685
0.997466
0.996304
0.996253
0.997397
0.999815
1.003157
1.006544
1.008965
1.009863
1.009306
1.007786
1.005901
1.004134
1.002763
1.001795
1.001092
1.000628
1.000592
1.001159
1.002190
1.003204
1.003781
1.003929
1.004026
1.004337
1.004647
1.004433
1.003412
1.001767
0.999915
0.998013
0.995933
0.993748
0.992091
0.991763
0.992922
0.994850
0.996617
0.997792
0.998517
0.999044
0.999407
0.999524
0.999493
0.999644
1.000247
1.001226
1.002155
1.002558
1.002169
1.001211
1.000422
1.000710
1.002453
1.005009
1.006994
1.007101
1.004874
1.000880
0.996319
0.992425
0.990036
0.989405
0.990256
0.992018
0.994143
0.996313
0.998524
1.000936
1.003664
1.006531
1.009041
1.010620
1.011013
1.010506
1.009714
0.998957
0.997703
0.997172
0.997027
0.997005
0.997275
0.998193
0.999686
1.001029
1.001267
0.999908
0.997307
0.994477
0.992481
0.991860
0.992467
0.993795
0.995495
0.997628
1.000357
1.003467
1.006339
1.008404
1.009413
1.009318
1.008154
1.006240
1.004234
1.002692
1.001571
1.000344
0.998651
0.996774
0.995426
0.995183
0.996026
0.997393
0.998589
0.999167
0.998984
0.998074
0.996647
0.995223
0.994562
0.995235
0.997233
0.999954
1.002580
1.004437
1.005255
1.005239
1.004886
1.004587
1.004268
1.003403
1.001466
0.998369
0.994502
0.990432
0.986672
0.983860
0.982895
0.984597
0.988959
0.994857
1.000513
1.004559
1.006697
1.007495
1.007576
1.007102
1.006016
1.004666
1.003911
1.004431
1.006004
1.007487
1.007590
1.005738
1.002429
0.998851
0.996051
0.994390
0.993804
0.994327
0.996144
0.999165
1.002779
1.006113
1.008447
1.009475
1.009273
1.008177
1.006658
1.005144
1.003892
1.002993
1.002527
1.002646
1.003439
1.004715
1.005977
1.006696
1.006665
1.006145
1.005556
1.005079
1.004543
1.003708
1.002537
1.001149
0.999543
0.997609
0.995526
0.994006
0.993835
0.995056
0.996807
0.998044
0.998362
0.998090
0.997775
0.997709
0.997857
0.998174
0.998794
0.999894
1.001378
1.002830
1.003701
1.003617
1.002663
1.001542
1.001303
1.002604
1.005053
1.007292
1.007811
1.005937
1.002194
0.997851
0.994182
0.991912
0.991160
0.991660
0.993058
0.995051
0.997393
0.999862
1.002253
1.004452
1.006418
1.008056
1.009168
1.009583
1.009417
1.009031
0.998229
0.996495
0.995750
0.995712
0.996033
0.996705
0.997918
0.999569
1.000998
1.001272
0.999850
0.997041
0.993915
0.991690
0.991068
0.991956
0.993801
0.996087
0.998619
1.001340
1.004002
1.006207
1.007672
1.008305
1.008003
1.006643
1.004470
1.002181
1.000439
0.999285
0.998197
0.996743
0.995116
0.993998
0.993983
0.995077
0.996703
0.998104
0.998778
0.998617
0.997783
0.996611
0.995613
0.995426
0.996496
0.998762
1.001606
1.004082
1.005347
1.005125
1.003921
1.002706
1.002169
1.002184
1.001961
1.000715
0.998221
0.994808
0.990973
0.987242
0.984321
0.983168
0.984605
0.988623
0.994165
0.999620
1.003734
1.006195
1.007455
1.008021
1.007947
1.007090
1.005755
1.004820
1.005050
1.006291
1.007447
1.007256
1.005166
1.001677
0.997944
0.994971
0.993070
0.992108
0.992071
0.993189
0.995571
0.998920
1.002586
1.005833
1.008042
1.008887
1.008474
1.007266
1.005870
1.004734
1.004068
1.003933
1.004341
1.005233
1.006373
1.007341
1.007705
1.007284
1.006303
1.005252
1.004517
1.004099
1.003679
1.002974
1.001865
1.000347
0.998488
0.996663
0.995609
0.995955
0.997548
0.999364
1.000322
1.000078
0.999117
0.998185
0.997712
0.997696
0.998008
0.998672
0.999818
1.001368
1.002935
1.003995
1.004124
1.003284
1.002042
1.001407
1.002202
1.004332
1.006614
1.007467
1.005998
1.002593
0.998554
0.995198
0.993221
0.992650
0.993218
0.994685
0.996854
0.999413
1.001847
1.003637
1.004605
1.005024
1.005330
1.005713
1.006077
1.006331
1.006553
0.997591
0.995433
0.994313
0.994209
0.994892
0.996178
0.997912
0.999752
1.001066
1.001125
0.999561
0.996703
0.993533
0.991229
0.990567
0.991596
0.993820
0.996606
0.999479
1.002108
1.004209
1.005614
1.006357
1.006520
1.005997
1.004602
1.002497
1.000340
0.998780
0.997871
0.997099
0.995989
0.994638
0.993660
0.993633
0.994621
0.996115
0.997395
0.997962
0.997739
0.996960
0.996051
0.995510
0.995814
0.997246
0.999683
1.002502
1.004686
1.005259
1.003942
1.001510
0.999355
0.998454
0.998671
0.998994
0.998451
0.996754
0.994210
0.991297
0.988435
0.986150
0.985175
0.986147
0.989154
0.993543
0.998212
1.002219
1.005206
1.007344
1.008840
1.009543
1.009183
1.007943
1.006637
1.006042
1.006209
1.006384
1.005635
1.003520
1.000377
0.997098
0.994519
0.992904
0.992078
0.991918
0.992564
0.994199
0.996778
0.999966
1.003161
1.005629
1.006800
1.006619
1.005600
1.004513
1.003919
1.003971
1.004542
1.005388
1.006260
1.006898
1.007091
1.006717
1.005814
1.004666
1.003727
1.003353
1.003453
1.003540
1.003086
1.001885
1.000091
0.998111
0.996558
0.996128
0.997185
0.999294
1.001345
1.002327
1.002021
1.000979
0.999939
0.999291
0.999001
0.998938
0.999183
0.999909
1.001108
1.002474
1.003540
1.003876
1.003314
1.002190
1.001353
1.001697
1.003405
1.005566
1.006632
1.005536
1.002487
0.998741
0.995653
0.993939
0.993599
0.994358
0.996008
0.998350
1.000956
1.003066
1.003964
1.003512
1.002306
1.001223
1.000781
1.000978
1.001597
1.002485
0.997140
0.994698
0.993197
0.992956
0.993961
0.995879
0.998151
1.000094
1.001081
1.000716
0.998959
0.996204
0.993250
0.991094
0.990481
0.991583
0.993977
0.996950
0.999803
1.002050
1.003467
1.004122
1.004299
1.004176
1.003641
1.002493
1.000848
0.999245
0.998207
0.997736
0.997338
0.996552
0.995427
0.994495
0.994292
0.994922
0.995985
0.996855
0.997093
0.996651
0.995853
0.995192
0.995145
0.996015
0.997879
1.000494
1.003225
1.005032
1.004902
1.002609
0.999127
0.996118
0.994751
0.994879
0.995409
0.995301
0.994305
0.992803
0.991237
0.989811
0.988642
0.988031
0.988393
0.990043
0.992937
0.996658
1.000617
1.004350
1.007626
1.010243
1.011830
1.012004
1.010834
1.008974
1.007191
1.005833
1.004711
1.003375
1.001466
0.999045
0.996635
0.994870
0.994002
0.993810
0.993985
0.994447
0.995322
0.996754
0.998743
1.000978
1.002794
1.003533
1.003071
1.002004
1.001250
1.001428
1.002552
1.004165
1.005677
1.006589
1.006652
1.005935
1.004735
1.003422
1.002363
1.001905
1.002203
1.002933
1.003362
1.002821
1.001167
0.998850
0.996657
0.995395
0.995634
0.997391
0.999969
1.002265
1.003452
1.003463
1.002816
1.002081
1.001470
1.000891
1.000303
0.999911
0.999999
1.000660
1.001703
1.002765
1.003413
1.003340
1.002612
1.001841
1.001886
1.003159
1.005044
1.006144
1.005312
1.002601
0.999154
0.996284
0.994699
0.994415
0.995162
0.996728
0.998906
1.001192
1.002749
1.002808
1.001290
0.998951
0.996861
0.995730
0.995677
0.996488
0.997905
0.996958
0.994463
0.992797
0.992533
0.993833
0.996245
0.998840
1.000652
1.001116
1.000196
0.998219
0.995683
0.993201
0.991491
0.991170
0.992368
0.994656
0.997287
0.999555
1.001053
1.001746
1.001913
1.001900
1.001839
1.001564
1.000896
0.999944
0.999117
0.998733
0.998698
0.998563
0.997960
0.996960
0.996031
0.995633
0.995864
0.996388
0.996693
0.996435
0.995670
0.994838
0.994513
0.995104
0.996702
0.999096
1.001890
1.004422
1.005742
1.004941
1.001906
0.997727
0.994128
0.992296
0.992102
0.992479
0.992494
0.992021
0.991529
0.991380
0.991451
0.991367
0.990975
0.990593
0.990853
0.992348
0.995287
0.999364
1.003946
1.008355
1.011973
1.014237
1.014754
1.013533
1.011062
1.008077
1.005250
1.002973
1.001249
0.999731
0.998153
0.996688
0.995838
0.995870
0.996507
0.997202
0.997585
0.997661
0.997735
0.998167
0.998990
0.999724
0.999705
0.998755
0.997509
0.997010
0.997934
1.000177
1.002987
1.005393
1.006623
1.006394
1.005026
1.003215
1.001636
1.000749
1.000777
1.001627
1.002734
1.003170
1.002245
0.999996
0.997194
0.994910
0.994015
0.994859
0.997125
0.999944
1.002327
1.003710
1.004130
1.003999
1.003644
1.003119
1.002325
1.001309
1.000386
0.999924
1.000085
1.000821
1.001916
1.002990
1.003597
1.003541
1.003145
1.003144
1.004068
1.005591
1.006550
1.005873
1.003495
1.000381
0.997701
0.996107
0.995651
0.996101
0.997244
0.998858
1.000479
1.001340
1.000771
0.998733
0.995950
0.993446
0.991954
0.991681
0.992499
0.994179
0.997269
0.995057
0.993580
0.993500
0.995033
0.997624
1.000157
1.001547
1.001342
0.999820
0.997620
0.995357
0.993516
0.992552
0.992793
0.994152
0.996083
0.997880
0.999075
0.999608
0.999736
0.999826
1.000084
1.000405
1.000524
1.000309
0.999939
0.999725
0.999810
1.000001
0.999923
0.999353
0.998449
0.997610
0.997171
0.997141
0.997210
0.996968
0.996225
0.995208
0.994515
0.994779
0.996273
0.998770
1.001712
1.004513
1.006577
1.007180
1.005706
1.002204
0.997739
0.993883
0.991676
0.991009
0.991004
0.990951
0.990882
0.991284
0.992330
0.993528
0.994070
0.993556
0.992353
0.991433
0.991873
0.994292
0.998554
1.003864
1.009155
1.013436
1.016012
1.016564
1.015151
1.012162
1.008291
1.004458
1.001487
0.999662
0.998596
0.997743
0.997061
0.996985
0.997793
0.999126
1.000204
1.000394
0.999606
0.998312
0.997207
0.996690
0.996476
0.995892
0.994655
0.993357
0.993088
0.994595
0.997751
1.001645
1.005017
1.006823
1.006685
1.005071
1.002948
1.001232
1.000447
1.000721
1.001785
1.002886
1.003037
1.001639
0.998944
0.995945
0.993820
0.993342
0.994603
0.997037
0.999741
1.001952
1.003356
1.004055
1.004279
1.004163
1.003676
1.002766
1.001564
1.000396
0.999589
0.999340
0.999759
1.000839
1.002315
1.003682
1.004508
1.004800
1.005068
1.005844
1.007028
1.007768
1.007166
1.005100
1.002301
0.999736
0.998021
0.997297
0.997406
0.998113
0.999126
1.000002
1.000125
0.999040
0.996801
0.994048
0.991626
0.990139
0.989809
0.990589
0.992331
0.998219
0.996695
0.995770
0.996040
0.997675
1.000090
1.002174
1.002919
1.002023
0.999938
0.997490
0.995402
0.994155
0.994008
0.994943
0.996523
0.997992
0.998746
0.998732
0.998394
0.998302
0.998781
0.999694
1.000577
1.001004
1.000923
1.000638
1.000498
1.000574
1.000639
1.000427
0.999877
0.999193
0.998671
0.998437
0.998375
0.998173
0.997569
0.996561
0.995585
0.995383
0.996584
0.999239
1.002723
1.006091
1.008576
1.009749
1.009320
1.007117
1.003375
0.998974
0.995099
0.992543
0.991279
0.990751
0.990563
0.990855
0.991991
0.993877
0.995664
0.996306
0.995375
0.993429
0.991719
0.991541
0.993677
0.998047
1.003758
1.009506
1.014037
1.016575
1.016913
1.015233
1.011935
1.007688
1.003487
1.000340
0.998626
0.997913
0.997552
0.997426
0.997938
0.999319
1.001089
1.002283
1.002111
1.000459
0.997965
0.995621
0.994119
0.993337
0.992581
0.991429
0.990343
0.990383
0.992346
0.996145
1.000825
1.004967
1.007321
1.007420
1.005780
1.003546
1.001763
1.000992
1.001305
1.002317
1.003218
1.003050
1.001344
0.998520
0.995660
0.993874
0.993748
0.995141
0.997346
0.999558
1.001296
1.002500
1.003293
1.003727
1.003742
1.003281
1.002382
1.001224
1.000045
0.999051
0.998424
0.998431
0.999315
1.001004
1.003021
1.004765
1.005958
1.006803
1.007691
1.008646
1.009136
1.008509
1.006632
1.004019
1.001449
0.999565
0.998693
0.998786
0.999515
1.000365
1.000771
1.000231
0.998571
0.996095
0.993462
0.991341
0.990150
0.990019
0.990906
0.992710
0.999619
0.999089
0.998956
0.999662
1.001286
1.003290
1.004748
1.004863
1.003441
1.000939
0.998181
0.996007
0.995000
0.995379
0.996865
0.998648
0.999740
0.999618
0.998644
0.997774
0.997861
0.999082
1.000877
1.002353
1.002882
1.002464
1.001610
1.000837
1.000323
0.999926
0.999489
0.999057
0.998803
0.998823
0.998999
0.999072
0.998800
0.998095
0.997180
0.996661
0.997335
0.999741
1.003670
1.008093
1.011685
1.013532
1.013459
1.011750
1.008774
1.004938
1.000781
0.996963
0.993969
0.991941
0.990763
0.990386
0.990987
0.992696
0.995070
0.997017
0.997425
0.996032
0.993638
0.991636
0.991308
0.993355
0.997664
1.003352
1.009058
1.013446
1.015705
1.015737
1.013880
1.010605
1.006540
1.002592
0.999665
0.998095
0.997494
0.997335
0.997579
0.998582
1.000406
1.002413
1.003538
1.002965
1.000630
0.997292
0.994123
0.992000
0.990922
0.990197
0.989297
0.988568
0.988996
0.991365
0.995604
1.000717
1.005211
1.007764
1.007906
1.006236
1.003964
1.002162
1.001367
1.001612
1.002510
1.003271
1.003010
1.001328
0.998697
0.996184
0.994775
0.994851
0.996083
0.997718
0.999127
1.000146
1.000984
1.001809
1.002477
1.002717
1.002402
1.001640
1.000640
0.999560
0.998461
0.997501
0.997074
0.997612
0.999236
1.001580
1.004028
1.006104
1.007685
1.008876
1.009687
1.009840
1.008992
1.007087
1.004501
1.001875
0.999918
0.999179
0.999738
1.001121
1.002449
1.002853
1.001846
0.999574
0.996702
0.994059
0.992234
0.991460
0.991736
0.992939
0.994938
1.001013
1.001486
1.002151
1.003289
1.004874
1.006470
1.007412
1.007159
1.005557
1.002903
0.999870
0.997334
0.996070
0.996423
0.998039
0.999881
1.000755
1.000138
0.998657
0.997657
0.998204
1.000328
1.003050
1.005051
1.005480
1.004368
1.002435
1.000498
0.998988
0.997936
0.997286
0.997080
0.997354
0.997944
0.998514
0.998743
0.998506
0.997937
0.997463
0.997763
0.999578
1.003273
1.008376
1.013539
1.017147
1.018215
1.016828
1.013844
1.010177
1.006337
1.002475
0.998655
0.995102
0.992163
0.990217
0.989563
0.990368
0.992481
0.995127
0.997038
0.997190
0.995558
0.993155
0.991352
0.991253
0.993313
0.997352
1.002583
1.007769
1.011668
1.013526
1.013350
1.011591
1.008779
1.005432
1.002210
0.999736
0.998206
0.997391
0.997108
0.997533
0.998935
1.001131
1.003292
1.004342
1.003543
1.000903
0.997205
0.993656
0.991181
0.989863
0.989071
0.988283
0.987797
0.988534
0.991223
0.995708
1.000903
1.005272
1.007568
1.007471
1.005699
1.003446
1.001670
1.000793
1.000858
1.001590
1.002329
1.002253
1.000924
0.998736
0.996669
0.995605
0.995765
0.996672
0.997576
0.998040
0.998227
0.998652
0.999561
1.000638
1.001335
1.001363
1.000840
1.000036
0.999070
0.997978
0.996902
0.996250
0.996492
0.997835
1.000089
1.002786
1.005427
1.007620
1.009119
1.009754
1.009422
1.008114
1.005985
1.003375
1.000828
0.999062
0.998752
1.000077
1.002424
1.004578
1.005348
1.004196
1.001522
0.998343
0.995664
0.994053
0.993635
0.994307
0.995869
0.998091
1.002042
1.003206
1.004464
1.005936
1.007491
1.008794
1.009448
1.009156
1.007764
1.005326
1.002243
0.999312
0.997457
0.997247
0.998469
1.000075
1.000785
1.000023
0.998503
0.997743
0.998904
1.001888
1.005390
1.007746
1.007916
1.005964
1.002833
0.999644
0.997108
0.995441
0.994643
0.994667
0.995332
0.996243
0.996943
0.997166
0.996956
0.996651
0.996808
0.998102
1.001110
1.005964
1.011951
1.017544
1.021016
1.021391
1.018988
1.015078
1.010963
1.007213
1.003615
0.999750
0.995611
0.991775
0.989049
0.988047
0.988945
0.991343
0.994193
0.996135
0.996259
0.994757
0.992734
0.991452
0.991712
0.993716
0.997220
1.001599
1.005887
1.009053
1.010499
1.010320
1.009028
1.007101
1.004870
1.002657
1.000708
0.999069
0.997750
0.997012
0.997334
0.998933
1.001359
1.003629
1.004716
1.004006
1.001537
0.998013
0.994512
0.991908
0.990347
0.989328
0.988426
0.987935
0.988743
0.991496
0.995908
1.000790
1.004624
1.006358
1.005907
1.004087
1.001957
1.000214
0.999112
0.998754
0.999123
0.999802
1.000026
0.999244
0.997667
0.996157
0.995486
0.995750
0.996361
0.996582
0.996163
0.995587
0.995663
0.996747
0.998379
0.999722
1.000269
1.000087
0.999493
0.998702
0.997795
0.996948
0.996473
0.996674
0.997696
0.999507
1.001928
1.004617
1.007035
1.008600
1.008918
1.007976
1.006091
1.003703
1.001210
0.999039
0.997781
0.998048
1.000016
1.003035
1.005789
1.006971
1.006048
1.003525
1.000538
0.998118
0.996750
0.996519
0.997323
0.998972
1.001162
1.002613
1.004099
1.005688
1.007340
1.008830
1.009875
1.010325
1.010117
1.009153
1.007262
1.004512
1.001467
0.999056
0.998047
0.998469
0.999483
0.999913
0.999209
0.998031
0.997832
0.999683
1.003331
1.007264
1.009637
1.009366
1.006624
1.002556
0.998493
0.995305
0.993295
0.992453
0.992596
0.993356
0.994204
0.994688
0.994679
0.994395
0.994321
0.995082
0.997278
1.001277
1.006943
1.013386
1.019053
1.022313
1.022309
1.019481
1.015262
1.011093
1.007528
1.004146
1.000255
0.995735
0.991282
0.987976
0.986661
0.987569
0.990168
0.993259
0.995413
0.995810
0.994738
0.993304
0.992578
0.993076
0.994784
0.997459
1.000706
1.003873
1.006208
1.007302
1.007337
1.006768
1.005933
1.004927
1.003737
1.002270
1.000445
0.998472
0.997027
0.996889
0.998299
1.000678
1.002974
1.004224
1.003896
1.002004
0.999080
0.995997
0.993532
0.991895
0.990735
0.989720
0.989126
0.989757
0.992164
0.996007
1.000106
1.003098
1.004192
1.003517
1.001858
0.999993
0.998254
0.996730
0.995664
0.995381
0.995785
0.996220
0.996029
0.995219
0.994452
0.994334
0.994843
0.995310
0.995031
0.993932
0.992773
0.992609
0.993899
0.996084
0.998108
0.999268
0.999541
0.999267
0.998753
0.998215
0.997860
0.997876
0.998293
0.999082
1.000302
1.002070
1.004279
1.006409
1.007670
1.007516
1.006001
1.003684
1.001231
0.999101
0.997589
0.997020
0.997764
0.999890
1.002829
1.005490
1.006798
1.006356
1.004639
1.002600
1.001002
1.000129
1.000017
1.000638
1.001907
1.003545
1.002690
1.004338
1.006148
1.007905
1.009255
1.009967
1.010092
1.009831
1.009219
1.007978
1.005862
1.003105
1.000492
0.998831
0.998366
0.998562
0.998567
0.997995
0.997409
0.997979
1.000461
1.004405
1.008232
1.010153
1.009239
1.005878
1.001367
0.997077
0.993837
0.991890
0.991146
0.991316
0.991933
0.992457
0.992530
0.992148
0.991649
0.991630
0.992740
0.995488
1.000017
1.005950
1.012311
1.017701
1.020765
1.020844
1.018365
1.014599
1.010839
1.007569
1.004371
1.000568
0.996045
0.991500
0.988040
0.986592
0.987448
0.990109
0.993355
0.995769
0.996561
0.996021
0.995147
0.994821
0.995325
0.996498
0.998165
1.000171
1.002191
1.003749
1.004596
1.004922
1.005075
1.005196
1.005177
1.004773
1.003688
1.001721
0.999150
0.996890
0.995946
0.996710
0.998675
1.000857
1.002337
1.002565
1.001449
0.999346
0.996951
0.994941
0.993605
0.992698
0.991913
0.991391
0.991743
0.993428
0.996172
0.999032
1.000982
1.001542
1.000942
0.999743
0.998294
0.996548
0.994481
0.992530
0.991379
0.991271
0.991736
0.992104
0.992201
0.992398
0.993054
0.993981
0.994451
0.993828
0.992214
0.990619
0.990302
0.991754
0.994347
0.996922
0.998686
0.999522
0.999714
0.999595
0.999472
0.999619
1.000126
1.000811
1.001447
1.002086
1.003036
1.004419
1.005817
1.006456
1.005803
1.003980
1.001644
0.999500
0.997981
0.997231
0.997307
0.998248
0.999943
1.001995
1.003773
1.004733
1.004749
1.004211
1.003692
1.003473
1.003489
1.003636
1.003954
1.004490
1.005062
1.002021
1.003910
1.006036
1.007974
1.009246
1.009639
1.009352
1.008822
1.008275
1.007465
1.005960
1.003729
1.001318
0.999437
0.998374
0.997866
0.997457
0.997045
0.997103
0.998365
1.001156
1.004834
1.007941
1.008993
1.007378
1.003703
0.999315
0.995446
0.992714
0.991190
0.990699
0.990912
0.991374
0.991614
0.991351
0.990625
0.989818
0.989600
0.990657
0.993414
0.997829
1.003363
1.009070
1.013849
1.016756
1.017374
1.015983
1.013422
1.010564
1.007768
1.004792
1.001241
0.997142
0.993100
0.990026
0.988700
0.989429
0.991821
0.994833
0.997210
0.998207
0.998043
0.997552
0.997414
0.997740
0.998300
0.998988
0.999889
1.000954
1.001926
1.002634
1.003197
1.003811
1.004483
1.005011
1.005089
1.004317
1.002368
0.999418
0.996373
0.994387
0.994109
0.995335
0.997259
0.998963
0.999780
0.999462
0.998224
0.996646
0.995363
0.994713
0.994548
0.994476
0.994366
0.994518
0.995288
0.996610
0.997977
0.998863
0.999117
0.998940
0.998516
0.997672
0.995986
0.993393
0.990548
0.988453
0.987669
0.987989
0.988851
0.989933
0.991280
0.992897
0.994373
0.994909
0.993963
0.991873
0.989902
0.989442
0.990952
0.993731
0.996604
0.998810
1.000188
1.000904
1.001201
1.001398
1.001815
1.002542
1.003298
1.003725
1.003807
1.003912
1.004314
1.004777
1.004708
1.003729
1.002041
1.000227
0.998824
0.998108
0.998097
0.998644
0.999498
1.000380
1.001069
1.001473
1.001637
1.001794
1.002280
1.003286
1.004607
1.005756
1.006387
1.006505
1.006242
1.005538
1.000320
1.002510
1.005095
1.007429
1.008909
1.009277
1.008767
1.007931
1.007153
1.006335
1.005081
1.003277
1.001312
0.999700
0.998610
0.997856
0.997290
0.997058
0.997556
0.999097
1.001597
1.004368
1.006275
1.006305
1.004209
1.000694
0.996967
0.993982
0.992078
0.991164
0.991005
0.991330
0.991790
0.992006
0.991687
0.990812
0.989727
0.989122
0.989725
0.991928
0.995594
1.000128
1.004695
1.008551
1.011231
1.012586
1.012699
1.011847
1.010324
1.008286
1.005711
1.002608
0.999250
0.996153
0.993890
0.992914
0.993389
0.995069
0.997255
0.999022
0.999780
0.999650
0.999249
0.999079
0.999130
0.999146
0.999106
0.999270
0.999790
1.000530
1.001261
1.001957
1.002696
1.003475
1.004176
1.004536
1.004105
1.002382
0.999299
0.995594
0.992487
0.990973
0.991279
0.992855
0.994757
0.996124
0.996544
0.996113
0.995342
0.994863
0.995077
0.995902
0.996833
0.997405
0.997535
0.997464
0.997391
0.997344
0.997350
0.997559
0.998088
0.998680
0.998611
0.997144
0.994188
0.990578
0.987555
0.985976
0.985967
0.987174
0.989197
0.991735
0.994399
0.996496
0.997147
0.995884
0.993307
0.990954
0.990313
0.991754
0.994458
0.997294
0.999593
1.001242
1.002308
1.002910
1.003291
1.003756
1.004392
1.004901
1.004887
1.004315
1.003567
1.003015
1.002619
1.002025
1.001068
0.999978
0.999140
0.998802
0.999029
0.999740
1.000668
1.001359
1.001426
1.000805
0.999824
0.999015
0.998894
0.999809
1.001727
1.004130
1.006188
1.007292
1.007313
1.006382
1.004557
0.997713
1.000025
1.003041
1.005955
1.008030
1.008885
1.008611
1.007677
1.006536
1.005288
1.003788
1.002097
1.000617
0.999681
0.999194
0.998813
0.998446
0.998362
0.998884
1.000084
1.001657
1.003049
1.003586
1.002771
1.000622
0.997770
0.995102
0.993230
0.992240
0.991927
0.992070
0.992514
0.993065
0.993459
0.993383
0.992658
0.991485
0.990492
0.990414
0.991682
0.994195
0.997391
1.000571
1.003284
1.005497
1.007352
1.008834
1.009707
1.009701
1.008698
1.006795
1.004344
1.001855
0.999829
0.998533
0.998012
0.998169
0.998843
0.999743
1.000410
1.000472
0.999976
0.999334
0.998891
0.998594
0.998215
0.997802
0.997719
0.998231
0.999189
1.000204
1.001025
1.001679
1.002311
1.003015
1.003623
1.003607
1.002249
0.999217
0.995021
0.990930
0.988268
0.987702
0.988946
0.991028
0.992898
0.993959
0.994196
0.994067
0.994221
0.995155
0.996850
0.998724
1.000009
1.000285
0.999659
0.998533
0.997414
0.996804
0.997119
0.998386
0.999972
1.000743
0.999690
0.996684
0.992590
0.988770
0.986336
0.985792
0.987074
0.989778
0.993317
0.996946
0.999690
1.000548
0.999110
0.996173
0.993500
0.992641
0.993864
0.996244
0.998670
1.000610
1.002052
1.003096
1.003817
1.004346
1.004836
1.005229
1.005198
1.004440
1.003030
1.001447
1.000139
0.999196
0.998454
0.997879
0.997657
0.997960
0.998757
0.999942
1.001375
1.002721
1.003424
1.003054
1.001674
0.999832
0.998266
0.997614
0.998269
1.000174
1.002733
1.004983
1.006125
1.005879
1.004369
1.001770
0.994894
0.996977
1.000186
1.003675
1.006604
1.008381
1.008801
1.008083
1.006626
1.004730
1.002639
1.000777
0.999733
0.999723
1.000307
1.000780
1.000838
1.000733
1.000806
1.001101
1.001379
1.001327
1.000697
0.999393
0.997568
0.995667
0.994214
0.993470
0.993331
0.993528
0.993875
0.994328
0.994882
0.995434
0.995714
0.995395
0.994440
0.993257
0.992528
0.992763
0.994032
0.995909
0.997770
0.999319
1.000790
1.002611
1.004805
1.006871
1.008142
1.008221
1.007175
1.005481
1.003808
1.002688
1.002234
1.002171
1.002103
1.001866
1.001485
1.000933
1.000089
0.998962
0.997843
0.996976
0.996335
0.995733
0.995271
0.995363
0.996301
0.997849
0.999379
1.000414
1.000966
1.001442
1.002190
1.003113
1.003559
1.002600
0.999700
0.995231
0.990478
0.987015
0.985846
0.986887
0.989158
0.991462
0.993006
0.993654
0.993834
0.994269
0.995556
0.997752
1.000229
1.002051
1.002562
1.001722
1.000022
0.998240
0.997210
0.997517
0.999166
1.001361
1.002791
1.002336
0.999724
0.995653
0.991394
0.988226
0.987028
0.988059
0.990994
0.995090
0.999370
1.002655
1.003845
1.002515
0.999528
0.996714
0.995636
0.996510
0.998360
1.000085
1.001262
1.002045
1.002708
1.003416
1.004191
1.004865
1.005053
1.004334
1.002609
1.000275
0.998010
0.996309
0.995268
0.994764
0.994782
0.995427
0.996685
0.998361
1.000260
1.002237
1.003965
1.004894
1.004648
1.003353
1.001533
0.999804
0.998710
0.998652
0.999732
1.001494
1.003059
1.003563
1.002656
1.000486
0.997386
0.992777
0.994371
0.997495
1.001394
1.005159
1.007964
1.009263
1.008965
1.007343
1.004836
1.002076
0.999936
0.999258
1.000213
1.002001
1.003442
1.003898
1.003514
1.002765
1.001908
1.000940
0.999798
0.998456
0.996995
0.995615
0.994623
0.994261
0.994508
0.995097
0.995709
0.996177
0.996519
0.996883
0.997385
0.997901
0.998058
0.997545
0.996451
0.995282
0.994639
0.994832
0.995634
0.996496
0.997109
0.997783
0.999092
1.001214
1.003641
1.005573
1.006442
1.006178
1.005183
1.004117
1.003570
1.003673
1.004000
1.003945
1.003230
1.002019
1.000560
0.998942
0.997229
0.995665
0.994487
0.993681
0.993094
0.992815
0.993249
0.994691
0.996828
0.998860
1.000123
1.000669
1.001134
1.002090
1.003452
1.004388
1.003795
1.001046
0.996499
0.991478
0.987672
0.986246
0.987253
0.989716
0.992316
0.994088
0.994792
0.994901
0.995253
0.996534
0.998826
1.001486
1.003554
1.004295
1.003542
1.001711
0.999615
0.998204
0.998166
0.999549
1.001665
1.003370
1.003596
1.001867
0.998484
0.994413
0.990939
0.989202
0.989760
0.992442
0.996509
1.000913
1.004446
1.005972
1.005017
1.002327
0.999601
0.998331
0.998750
0.999941
1.000854
1.001127
1.001083
1.001240
1.001930
1.003064
1.004075
1.004156
1.002775
1.000133
0.997053
0.994442
0.992789
0.992066
0.992066
0.992700
0.993977
0.995782
0.997840
0.999948
1.002006
1.003789
1.004930
1.005213
1.004772
1.003871
1.002709
1.001532
1.000719
1.000601
1.001036
1.001348
1.000735
0.998823
0.995853
0.992344
0.991918
0.993041
0.995968
1.000084
1.004445
1.008035
1.010061
1.010185
1.008531
1.005608
1.002322
0.999915
0.999482
1.001173
1.003890
1.006049
1.006666
1.005809
1.004130
1.002225
1.000401
0.998722
0.997152
0.995743
0.994717
0.994371
0.994821
0.995843
0.997010
0.997954
0.998516
0.998733
0.998810
0.999049
0.999542
0.999990
0.999915
0.999081
0.997738
0.996486
0.995859
0.995892
0.996153
0.996254
0.996376
0.997055
0.998577
1.000625
1.002529
1.003703
1.003932
1.003431
1.002724
1.002415
1.002728
1.003292
1.003420
1.002716
1.001300
0.999511
0.997566
0.995629
0.993974
0.992847
0.992224
0.991915
0.991918
0.992580
0.994197
0.996496
0.998655
0.999986
1.000568
1.001190
1.002547
1.004475
1.005933
1.005670
1.003054
0.998545
0.993541
0.989756
0.988372
0.989458
0.992038
0.994709
0.996391
0.996824
0.996598
0.996681
0.997779
0.999893
1.002402
1.004444
1.005370
1.004916
1.003289
1.001133
0.999319
0.998547
0.999012
1.000377
1.001913
1.002769
1.002250
1.000162
0.997002
0.993866
0.991978
0.992084
0.994180
0.997664
1.001616
1.004946
1.006626
1.006145
1.003991
1.001530
1.000072
0.999946
1.000435
1.000635
1.000217
0.999570
0.999383
1.000109
1.001575
1.002893
1.002915
1.001064
0.997819
0.994387
0.991853
0.990618
0.990489
0.991111
0.992280
0.993908
0.995841
0.997784
0.999542
1.001075
1.002364
1.003367
1.004162
1.004868
1.005362
1.005281
1.004445
1.003169
1.002016
1.001195
1.000276
0.998535
0.995622
0.991866
0.987959
0.992277
0.993178
0.995968
1.000167
1.004808
1.008766
1.011153
1.011521
1.009900
1.006789
1.003202
1.000581
1.000171
1.002127
1.005217
1.007611
1.008131
1.006784
1.004366
1.001767
0.999534
0.997769
0.996296
0.995031
0.994242
0.994327
0.995368
0.996968
0.998551
0.999736
1.000405
1.000580
1.000453
1.000369
1.000601
1.001030
1.001183
1.000607
0.999281
0.997684
0.996491
0.996009
0.995994
0.996017
0.995987
0.996209
0.996983
0.998248
0.999624
1.000679
1.001124
1.000940
1.000442
1.000150
1.000378
1.000910
1.001178
1.000764
0.999691
0.998214
0.996557
0.994925
0.993620
0.992894
0.992709
0.992799
0.993047
0.993688
0.995024
0.996904
0.998671
0.999746
1.000288
1.001135
1.002967
1.005505
1.007484
1.007507
1.004983
1.000543
0.995715
0.992194
0.991040
0.992232
0.994761
0.997197
0.998478
0.998452
0.997857
0.997738
0.998684
1.000558
1.002762
1.004648
1.005737
1.005697
1.004463
1.002378
1.000129
0.998398
0.997603
0.997863
0.998965
1.000302
1.001038
1.000528
0.998789
0.996592
0.995023
0.994869
0.996287
0.998884
1.001950
1.004655
1.006214
1.006143
1.004614
1.002495
1.000831
1.000082
0.999902
0.999637
0.998971
0.998191
0.997946
0.998716
1.000310
1.001721
1.001683
0.999622
0.996205
0.992845
0.990700
0.990104
0.990715
0.992017
0.993656
0.995454
0.997235
0.998750
0.999808
1.000406
1.000720
1.001087
1.001930
1.003412
1.005095
1.006118
1.005889
1.004591
1.002921
1.001365
0.999689
0.997262
0.993738
0.989498
0.985339
0.993418
0.994366
0.997110
1.001291
1.005934
1.009866
1.012210
1.012560
1.010946
1.007822
1.004173
1.001439
1.000847
1.002556
1.005360
1.007470
1.007712
1.006050
1.003272
1.000375
0.998029
0.996350
0.995040
0.993956
0.993429
0.993941
0.995514
0.997577
0.999431
1.000731
1.001470
1.001702
1.001528
1.001211
1.001100
1.001279
1.001433
1.001052
0.999857
0.998141
0.996602
0.995791
0.995700
0.995896
0.995993
0.995968
0.996035
0.996379
0.997015
0.997753
0.998290
0.998411
0.998167
0.997883
0.997871
0.998114
0.998321
0.998243
0.997861
0.997252
0.996450
0.995553
0.994820
0.994522
0.994666
0.994996
0.995314
0.995744
0.996539
0.997664
0.998680
0.999228
0.999581
1.000574
1.002800
1.005825
1.008205
1.008433
1.005967
1.001635
0.997115
0.994039
0.993239
0.994499
0.996759
0.998675
0.999353
0.998851
0.998043
0.997918
0.998868
1.000602
1.002569
1.004366
1.005669
1.006067
1.005224
1.003185
1.000463
0.997761
0.995764
0.995006
0.995681
0.997386
0.999193
1.000171
0.999952
0.998933
0.997944
0.997724
0.998564
1.000254
1.002293
1.004147
1.005360
1.005568
1.004644
1.002905
1.001053
0.999696
0.998930
0.998446
0.997917
0.997391
0.997286
0.998016
0.999475
1.000768
1.000689
0.998698
0.995482
0.992481
0.990880
0.991004
0.992436
0.994499
0.996624
0.998500
0.999980
1.000931
1.001231
1.000869
1.000083
0.999464
0.999716
1.001151
1.003254
1.004917
1.005264
1.004280
1.002645
1.000959
0.999147
0.996657
0.993165
0.989011
0.984968
0.994794
0.995959
0.998695
1.002762
1.007203
1.010827
1.012812
1.012873
1.011152
1.008124
1.004680
1.002052
1.001258
1.002373
1.004352
1.005745
1.005600
1.003868
1.001140
0.998257
0.995890
0.994204
0.992963
0.992077
0.991939
0.993017
0.995178
0.997642
0.999622
1.000870
1.001555
1.001827
1.001705
1.001295
1.000909
1.000820
1.000932
1.000753
0.999828
0.998215
0.996559
0.995582
0.995480
0.995837
0.996043
0.995767
0.995141
0.994589
0.994496
0.994928
0.995604
0.996149
0.996353
0.996262
0.996072
0.995921
0.995905
0.996112
0.996577
0.997133
0.997478
0.997431
0.997151
0.996955
0.997005
0.997184
0.997333
0.997495
0.997813
0.998242
0.998497
0.998438
0.998490
0.999484
1.001897
1.005153
1.007709
1.008014
1.005627
1.001529
0.997482
0.994981
0.994583
0.995854
0.997710
0.998997
0.999092
0.998270
0.997440
0.997447
0.998496
1.000218
1.002176
1.004118
1.005764
1.006572
1.005967
1.003817
1.000564
0.997019
0.994113
0.992684
0.993139
0.995171
0.997813
0.999969
1.000981
1.000925
1.000406
1.000141
1.000536
1.001493
1.002633
1.003647
1.004432
1.004811
1.004447
1.003163
1.001278
0.999465
0.998237
0.997621
0.997314
0.997096
0.997111
0.997709
0.998907
1.000027
1.000027
0.998372
0.995634
0.993159
0.992138
0.992959
0.995223
0.998069
1.000655
1.002491
1.003525
1.003863
1.003544
1.002513
1.000914
0.999316
0.998558
0.999167
1.000821
1.002466
1.003092
1.002462
1.001126
0.999705
0.998258
0.996327
0.993565
0.990160
0.986728
0.995873
0.997311
1.000042
1.003949
1.008102
1.011290
1.012728
1.012293
1.010340
1.007465
1.004490
1.002318
1.001532
1.001982
1.002859
1.003252
1.002673
1.001086
0.998732
0.996082
0.993675
0.991814
0.990491
0.989791
0.990127
0.991837
0.994568
0.997338
0.999302
1.000329
1.000791
1.000983
1.000881
1.000445
0.999932
0.999736
0.999950
1.000141
0.999691
0.998447
0.996948
0.995959
0.995792
0.996060
0.996050
0.995308
0.993973
0.992673
0.992057
0.992343
0.993262
0.994341
0.995160
0.995483
0.995286
0.994809
0.994540
0.994971
0.996228
0.997904
0.999303
0.999927
0.999806
0.999332
0.998867
0.998532
0.998321
0.998263
0.998358
0.998423
0.998181
0.997646
0.997377
0.998226
1.000577
1.003758
1.006222
1.006502
1.004265
1.000562
0.997114
0.995223
0.995204
0.996476
0.998010
0.998867
0.998672
0.997783
0.997029
0.997101
0.998131
0.999868
1.002025
1.004404
1.006578
1.007772
1.007245
1.004821
1.001012
0.996790
0.993284
0.991483
0.991877
0.994179
0.997422
1.000382
1.002167
1.002590
1.002152
1.001659
1.001647
1.002082
1.002578
1.002966
1.003415
1.003954
1.004156
1.003458
1.001811
0.999820
0.998237
0.997377
0.997032
0.996875
0.996893
0.997373
0.998409
0.999502
0.999754
0.998638
0.996577
0.994719
0.994218
0.995574
0.998456
1.001871
1.004691
1.006281
1.006718
1.006440
1.005717
1.004471
1.002599
1.000422
0.998715
0.998204
0.998917
1.000037
1.000544
1.000014
0.998874
0.997798
0.997013
0.996149
0.994722
0.992617
0.990192
